source,checked_date,extension_identifier,msft_classification_type,exists_in_dataset
malicious_list,2025-09-03,498.pythonformat,Malicious,yes
malicious_list,2025-09-03,benawad.vsinder,Malicious,yes
malicious_list,2025-09-03,bipro.bipro-dev,Malicious,yes
malicious_list,2025-09-03,visualstuiocode.emmet,Malicious,no
malicious_list,2025-09-03,BlancoFoundation.Truffle,Malicious,yes
malicious_list,2025-09-03,KazuoCode.gthubsum,Malicious,no
malicious_list,2025-09-03,code-tester.code-tester,Malicious,yes
malicious_list,2025-09-03,darcula-theme.darcula-official,Malicious,yes
malicious_list,2025-09-03,edr-test.pyhton,Malicious,yes
malicious_list,2025-09-03,Ericsson123.DarkThemed,Malicious,yes
malicious_list,2025-09-03,Ethereum.SoliditySupport,Malicious,yes
malicious_list,2025-09-03,EthereumFoundation.Solidity-for-Ethereum-Language,Malicious,yes
malicious_list,2025-09-03,EthereumFoundation.Solidity-Language-for-Ethereum,Malicious,yes
malicious_list,2025-09-03,BXDS-DLP.BXDS-DLP,Malicious,no
malicious_list,2025-09-03,kyntrack.log-matrix,Malicious,no
malicious_list,2025-09-03,kyntrack.track-vscode,Malicious,no
malicious_list,2025-09-03,ethereumorg.Solidity-Language-for-Ethereum,Malicious,yes
malicious_list,2025-09-03,EVM.Blockchain-Toolkit,Malicious,yes
malicious_list,2025-09-03,syj-first-extension.code-whisperer,Malicious,no
malicious_list,2025-09-03,FlydCode.codelinter,Malicious,yes
malicious_list,2025-09-03,darcula-theme2.darcula-official2,Malicious,no
malicious_list,2025-09-03,FlydCode.codewithfriends,Malicious,yes
malicious_list,2025-09-03,GavinWood.SolidityLang,Malicious,yes
malicious_list,2025-09-03,A-M.idxmlfun930470,Malicious,no
malicious_list,2025-09-03,A-M.angelica-color-theme,Malicious,no
malicious_list,2025-09-03,A-M.idmarkdownfun930470,Malicious,no
malicious_list,2025-09-03,A-M.idjsonfun930470,Malicious,no
malicious_list,2025-09-03,A-M.idsqlfun930470,Malicious,no
malicious_list,2025-09-03,A-M.idhtmlfun930470,Malicious,no
malicious_list,2025-09-03,A-M.idyamlfun930470,Malicious,no
malicious_list,2025-09-03,A-M.idgroovyfun930470,Malicious,no
malicious_list,2025-09-03,A-M.idobjectivea2cfun930470,Malicious,no
malicious_list,2025-09-03,A-M.idcssfun930470,Malicious,no
malicious_list,2025-09-03,A-M.idca17fun930470,Malicious,no
malicious_list,2025-09-03,A-M.idgradlefun930470,Malicious,no
malicious_list,2025-09-03,A-M.idphpfun930470,Malicious,no
malicious_list,2025-09-03,A-M.idpythonfun930470,Malicious,no
malicious_list,2025-09-03,A-M.idjavascriptfun930470,Malicious,no
malicious_list,2025-09-03,A-M.idjavafun930470,Malicious,no
malicious_list,2025-09-03,A-M.idmatlabfun930470,Malicious,no
malicious_list,2025-09-03,A-M.idca24a24fun930470,Malicious,no
malicious_list,2025-09-03,A-M.iddartfun930470,Malicious,no
malicious_list,2025-09-03,A-M.idbasicfun930470,Malicious,no
malicious_list,2025-09-03,A-M.idshellfun930470,Malicious,no
malicious_list,2025-09-03,A-M.idkotlinfun930470,Malicious,no
malicious_list,2025-09-03,A-M.idvba1netfun930470,Malicious,no
malicious_list,2025-09-03,A-M.idcfun930470,Malicious,no
malicious_list,2025-09-03,A-M.idrustfun930470,Malicious,no
malicious_list,2025-09-03,A-M.idrubyfun930470,Malicious,no
malicious_list,2025-09-03,A-M.idswiftfun930470,Malicious,no
malicious_list,2025-09-03,A-M.idscalafun930470,Malicious,no
malicious_list,2025-09-03,A-M.idperlfun930470,Malicious,no
malicious_list,2025-09-03,A-M.idspellfun930470,Malicious,no
malicious_list,2025-09-03,A-M.idhaskellfun930470,Malicious,no
malicious_list,2025-09-03,A-M.idpascalfun930470,Malicious,no
malicious_list,2025-09-03,A-M.idrfun930470,Malicious,no
malicious_list,2025-09-03,A-M.idtypescriptfun930470,Malicious,no
malicious_list,2025-09-03,A-M.idfortranfun930470,Malicious,no
malicious_list,2025-09-03,A-M.idgofun930470,Malicious,no
malicious_list,2025-09-03,A-M.idluafun930470,Malicious,no
malicious_list,2025-09-03,A-M.idactionscriptfun930470,Malicious,no
malicious_list,2025-09-03,A-M.idtclfun930470,Malicious,no
malicious_list,2025-09-03,A-M.idclojurefun930470,Malicious,no
malicious_list,2025-09-03,A-M.idvhdlfun930470,Malicious,no
malicious_list,2025-09-03,A-M.idbashfun930470,Malicious,no
malicious_list,2025-09-03,A-M.idfa17fun930470,Malicious,no
malicious_list,2025-09-03,A-M.idcythonfun930470,Malicious,no
malicious_list,2025-09-03,A-M.idlispfun930470,Malicious,no
malicious_list,2025-09-03,A-M.iddockerfun930470,Malicious,no
malicious_list,2025-09-03,A-M.idcobolfun930470,Malicious,no
malicious_list,2025-09-03,A-M.iddelphifun930470,Malicious,no
malicious_list,2025-09-03,A-M.idjupiterfun930470,Malicious,no
malicious_list,2025-09-03,A-M.idnodefun930470,Malicious,no
malicious_list,2025-09-03,A-M.idgeminifun930470,Malicious,no
malicious_list,2025-09-03,A-M.idschemefun930470,Malicious,no
malicious_list,2025-09-03,A-M.idandroidfun930470,Malicious,no
malicious_list,2025-09-03,A-M.idawsfun930470,Malicious,no
malicious_list,2025-09-03,A-M.idjupyterfun930470,Malicious,no
malicious_list,2025-09-03,A-M.idmachinea31learningfun930470,Malicious,no
malicious_list,2025-09-03,A-M.idadafun930470,Malicious,no
malicious_list,2025-09-03,A-M.idassemblyfun930470,Malicious,no
malicious_list,2025-09-03,A-M.iderlangfun930470,Malicious,no
malicious_list,2025-09-03,A-M.idsasfun930470,Malicious,no
malicious_list,2025-09-03,A-M.idfirebasefun930470,Malicious,no
malicious_list,2025-09-03,A-M.idamazonfun930470,Malicious,no
malicious_list,2025-09-03,A-M.idnotebookfun930470,Malicious,no
malicious_list,2025-09-03,A-M.idchatgptfun930470,Malicious,no
malicious_list,2025-09-03,A-M.idnpmfun930470,Malicious,no
malicious_list,2025-09-03,A-M.idopenclfun930470,Malicious,no
malicious_list,2025-09-03,A-M.idrpgfun930470,Malicious,no
malicious_list,2025-09-03,A-M.idsolidityfun930470,Malicious,no
malicious_list,2025-09-03,A-M.idgithubfun930470,Malicious,no
malicious_list,2025-09-03,A-M.idaifun930470,Malicious,no
malicious_list,2025-09-03,A-M.idyarnfun930470,Malicious,no
malicious_list,2025-09-03,A-M.idawkfun930470,Malicious,no
malicious_list,2025-09-03,A-M.idmlfun930470,Malicious,no
malicious_list,2025-09-03,A-M.idelixirfun930470,Malicious,no
malicious_list,2025-09-03,A-M.idmyfun930470,Malicious,no
malicious_list,2025-09-03,A-M.idgooglefun930470,Malicious,no
malicious_list,2025-09-03,A-M.idapifun930470,Malicious,no
malicious_list,2025-09-03,A-M.iddatafun930470,Malicious,no
malicious_list,2025-09-03,A-M.iduifun930470,Malicious,no
malicious_list,2025-09-03,A-M.idrestfun930470,Malicious,no
malicious_list,2025-09-03,A-M.idiconfun930470,Malicious,no
malicious_list,2025-09-03,A-M.idgitfun930470,Malicious,no
malicious_list,2025-09-03,A-M.ideslintfun930470,Malicious,no
malicious_list,2025-09-03,A-M.idcodefun930470,Malicious,no
malicious_list,2025-09-03,A-M.idprettierfun930470,Malicious,no
malicious_list,2025-09-03,A-M.idjqueryfun930470,Malicious,no
malicious_list,2025-09-03,A-M.idbabelfun930470,Malicious,no
malicious_list,2025-09-03,A-M.idthemefun930470,Malicious,no
malicious_list,2025-09-03,A-M.idtagfun930470,Malicious,no
malicious_list,2025-09-03,A-M.idtodofun930470,Malicious,no
malicious_list,2025-09-03,A-M.idPostsManager930470,Malicious,no
malicious_list,2025-09-03,A-M.idlodashfun930470,Malicious,no
malicious_list,2025-09-03,A-M.idexpressfun930470,Malicious,no
malicious_list,2025-09-03,A-M.idaxiosfun930470,Malicious,no
malicious_list,2025-09-03,A-M.idautofun930470,Malicious,no
malicious_list,2025-09-03,A-M.idcommentfun930470,Malicious,no
malicious_list,2025-09-03,A-M.idMorePosts930470,Malicious,no
malicious_list,2025-09-03,A-M.idd3a1jsfun930470,Malicious,no
malicious_list,2025-09-03,A-M.idvuea1jsfun930470,Malicious,no
malicious_list,2025-09-03,A-M.idreactfun930470,Malicious,no
malicious_list,2025-09-03,A-M.idrunfun930470,Malicious,no
malicious_list,2025-09-03,A-M.idzozo,Malicious,no
malicious_list,2025-09-03,gitkraken-dev.gitlens-pro,Malicious,yes
malicious_list,2025-09-03,Glenn-marks1990.live-sass-compiler,Malicious,yes
malicious_list,2025-09-03,publisher_extension,Malicious,yes
malicious_list,2025-09-03,JacobeanResearchandDevelopmentLLC.vscode-scxml-preview,Malicious,yes
malicious_list,2025-09-03,JaydenM.dracula-theme-pro,Malicious,yes
malicious_list,2025-09-03,joaomoreno.banana,Malicious,yes
malicious_list,2025-09-03,joaquin6.package-watch,Malicious,yes
malicious_list,2025-09-03,plotbox.better-psalm-docker-vscode,Malicious,no
malicious_list,2025-09-03,wjf.miniprogram-assistant,Malicious,no
malicious_list,2025-09-03,longzi.miniprogram-assistant-fork,Malicious,no
malicious_list,2025-09-03,karamalhamoud.vscode-ngrok-client-http,Malicious,no
malicious_list,2025-09-03,JaydenM.discord-rpc-vscode,Malicious,no
malicious_list,2025-09-03,SethMynster.discord-vscode-support,Malicious,no
malicious_list,2025-09-03,JaydenM.synthwave-theme-vscode,Malicious,no
malicious_list,2025-09-03,Verify-online.visualstudio,Malicious,no
malicious_list,2025-09-03,HuanDiez.solidity-for-ethereum,Malicious,no
malicious_list,2025-09-03,KuanHulio.discord,Malicious,no
malicious_list,2025-09-03,LyfeExtensions.Discord-RPC-Support,Malicious,no
malicious_list,2025-09-03,k3s0externobyes.k3s0externobyes,Malicious,yes
malicious_list,2025-09-03,SeismicSystems.seismic-solidity,Malicious,no
malicious_list,2025-09-03,jkl3848.citizen-sleeper-theme,Malicious,no
malicious_list,2025-09-03,Mindjet.ezpaste,Malicious,no
malicious_list,2025-09-03,Lonero.decentralized-internet,Malicious,no
malicious_list,2025-09-03,xw.aar-vsc,Malicious,no
malicious_list,2025-09-03,acenudt.paste-smms,Malicious,no
malicious_list,2025-09-03,zoom-communications.Zoom,Malicious,no
malicious_list,2025-09-03,htcg.htcgtool,Malicious,no
malicious_list,2025-09-03,prada555.Theme-Acai-ported-1.0.0,Malicious,yes
malicious_list,2025-09-03,prada555.Theme-Active4D-ported-1.0.0,Malicious,yes
malicious_list,2025-09-03,MaxGotovkin.tslens,Malicious,yes
malicious_list,2025-09-03,NealKornet.theme-darcula-dark,Malicious,yes
malicious_list,2025-09-03,prada555.Theme-Abyss-ported,Malicious,yes
malicious_list,2025-09-03,prada555.Theme-Afterglow-ported,Malicious,yes
malicious_list,2025-09-03,SOLIDITY.Solidity-Language,Malicious,yes
malicious_list,2025-09-03,SolidityFoundation.Solidity-Ethereum,Malicious,yes
malicious_list,2025-09-03,sopspub.org,Malicious,yes
malicious_list,2025-09-03,stephen-riley.regexworkbench,Malicious,yes
malicious_list,2025-09-03,testUseracc1111.python-vscode,Malicious,yes
malicious_list,2025-09-03,VarunSindwani.explorer-exclude-global,Malicious,yes
malicious_list,2025-09-03,viralvaghela.darkcbtheme,Malicious,yes
malicious_list,2025-09-03,viralvaghela.normalnameimgtest,Malicious,yes
malicious_list,2025-09-03,VitalikButerin.Solidity-Ethereum,Malicious,yes
malicious_list,2025-09-03,vivo-ai-code.vivo-ai-code-vscode,Malicious,yes
malicious_list,2025-09-03,VoiceMod.VoiceMod,Malicious,yes
malicious_list,2025-09-03,VSDeveloper.chinese-language-vs,Malicious,yes
malicious_list,2025-09-03,xiejiangzhi.linter-xjz,Malicious,yes
malicious_list,2025-09-03,xueshufive.jrkf-console,Malicious,yes
malicious_list,2025-09-03,ZoomINC.Zoom-Workplace,Malicious,yes
malicious_list,2025-09-03,ZoomVideoCommunications.Zoom,Malicious,yes
malicious_list,2025-09-03,ZoomWorkspace.Zoom,Malicious,yes
removed_list,2025-09-03,MarcusLockwood.wgbk,Malware,yes
removed_list,2025-09-03,EchelonStudios.blockchain-language-support,Malware,yes
removed_list,2025-09-03,JuanBlanco-ETHFoundation.bland-co,Malware,yes
removed_list,2025-09-03,VitalikButerin-EthFoundation.blan-co,Malware,yes
removed_list,2025-09-03,MarkWood.nonmalicious2,Malware,yes
removed_list,2025-09-03,EllisonBrett.givingblankies,Malware,yes
removed_list,2025-09-03,ETHFoundry.etherfoundrys,Malware,yes
removed_list,2025-09-03,VanessaAster.etherefounds,Malware,yes
removed_list,2025-09-03,bogigigigigity.etherefound,Malware,yes
removed_list,2025-09-03,YuTengjing.vscode-colorize-plus,Impersonation,yes
removed_list,2025-09-03,dafsfsdsfdfsdf11.randomic-slaying-pog,Malware,yes
removed_list,2025-09-03,JuanFranBlancoExtensions.AmitAssaraf,Malware,yes
removed_list,2025-09-03,JuanCrypto.juancrypto,Malware,yes
removed_list,2025-09-03,JohnCrypto.whiteblankspace3,Malware,yes
removed_list,2025-09-03,VitalikLButerin.aidebut2,Malware,no
removed_list,2025-09-03,CryptoPublisher.aidebut,Malware,yes
removed_list,2025-09-03,JuanFrBlanco.outtro,Malware,yes
removed_list,2025-09-03,GavinLWood.introai,Malware,yes
removed_list,2025-09-03,AhmedCrypto.ahmedcrypto1,Malware,yes
removed_list,2025-09-03,VisualStudioCodeStaffTeam.mannequin2,Malware,yes
removed_list,2025-09-03,MarcusHoffkin.mannequin,Malware,yes
removed_list,2025-09-03,Cryptocurrency.asbaquin,Malware,yes
removed_list,2025-09-03,JoshWEB3.solibt,Malware,yes
removed_list,2025-09-03,JosephLubin.solib,Malware,yes
removed_list,2025-09-03,VitalyButerin.hardhatjs,Malware,yes
removed_list,2025-09-03,btwiuse.gopilot-chat,Impersonation,yes
removed_list,2025-09-03,CharlesHoskinson.lfamnw1,Malware,yes
removed_list,2025-09-03,JuanBlancy.popitity,Malware,yes
removed_list,2025-09-03,EthersFoundation.bogitiy,Malware,yes
malicious_list,2025-09-03,7finney.ethcode,Malicious,yes
removed_list,2025-09-03,Puglight.inspiredaily,Malware,yes
removed_list,2025-09-03,Puglight.persistorito,Malware,yes
removed_list,2025-09-03,Puglight.sysmotivate,Malware,yes
removed_list,2025-09-03,Puglight.discoverito,Malware,yes
removed_list,2025-09-03,Puglight.elevatio,Malware,yes
removed_list,2025-09-03,Puglight.impacto,Malware,yes
removed_list,2025-09-03,Puglight.lateralmovour,Malware,yes
removed_list,2025-09-03,Puglight.realmvvscode,Malware,yes
removed_list,2025-09-03,Puglight.shadowcore,Malware,yes
removed_list,2025-09-03,Puglight.vulnerabilitto,Malware,yes
removed_list,2025-09-03,VSAnalysistest.codegpt-helper,Malware,yes
removed_list,2025-09-03,VSAnalysistest.code-ai-assistant,Malware,yes
removed_list,2025-09-03,ahbanC.shiba,Malware,yes
removed_list,2025-09-03,GavinLamWood.vs-blanket,Malware,yes
removed_list,2025-09-03,EtherFoundation.vs-ranket,Malware,yes
removed_list,2025-09-03,hajoo.poisoned-extension,Untrustworthy,yes
removed_list,2025-09-03,JacobETH.solidi,Malware,yes
removed_list,2025-09-03,JuanRiseETH.solidit,Malware,yes
removed_list,2025-09-03,CSF-RED.CSF-RED,Malware,yes
removed_list,2025-09-03,Zeron1337.Zeron-CySec,Malware,yes
removed_list,2025-09-03,seHunt-20241016.seHunt-20241016,Malware,yes
removed_list,2025-09-03,NotToTest.NotToTest,Malware,yes
removed_list,2025-09-03,takuanporipori.pixelpress,Untrustworthy,no
removed_list,2025-09-03,JuanFlanco.Soquidity,Malware,yes
removed_list,2025-09-03,YogevAvitan.codeivri-vscode,Malware,yes
removed_list,2025-09-03,MediaLLC.solidyy,Malware,no
removed_list,2025-09-03,DaveWeb3.choccie,Malware,no
removed_list,2025-09-03,DanielBlockchain.chocosnack,Malware,no
removed_list,2025-09-03,KomaKamaki.vscode-api-client-lite,Impersonation,yes
removed_list,2025-09-03,jsayol.firebase-explorer,Copyright violation,yes
removed_list,2025-09-03,JohnAaronNelson.ForceCode,Copyright violation,yes
removed_list,2025-09-03,JohnAaronNelson.visualforce,Copyright violation,yes
removed_list,2025-09-03,kast789.visual-studio-2022-theme,Copyright violation,yes
removed_list,2025-09-03,spmeesseman.vscode-vslauncher,Copyright violation,yes
removed_list,2025-09-03,vfd.vs2017-light-theme,Copyright violation,yes
removed_list,2025-09-03,kast789.vs-2019-theme,Copyright violation,yes
malicious_list,2025-09-03,jamiewest.theme-light-vs-mac,Malicious,yes
removed_list,2025-09-03,OfekBickel.wpp,Malware,yes
removed_list,2025-09-03,bysabi.prettier-vscode-semistandard,Impersonation,yes
removed_list,2025-09-03,bysabi.prettier-vscode-standard,Impersonation,yes
removed_list,2025-09-03,Shunqian.prettier-plus,Impersonation,yes
removed_list,2025-09-03,remimarsal.prettier-now,Impersonation,yes
removed_list,2025-09-03,iSayme.vscode-prettier-standard,Impersonation,yes
removed_list,2025-09-03,jishutuan.prettier-vscode,Impersonation,yes
removed_list,2025-09-03,jameszhanga.even-prettier,Impersonation,yes
removed_list,2025-09-03,kaijialin.pvts,Typo-squatting,yes
removed_list,2025-09-03,lakshits11.fresh-material-theme,Copyright violation,yes
removed_list,2025-09-03,jRichardeau.vscode-vsproj,Copyright violation,yes
removed_list,2025-09-03,ShayanAhmedKhan.visual-studio-themes,Copyright violation,yes
removed_list,2025-09-03,Smartie.hacknet-vscode,Copyright violation,yes
removed_list,2025-09-03,abhiagr.livs,Copyright violation,yes
removed_list,2025-09-03,azure-dev.azure-cli-helper,Copyright violation,yes
removed_list,2025-09-03,v-test-publisher.vscode-azure-functions-remote-web-test,Copyright violation,yes
removed_list,2025-09-03,DylanRampage.prettier-optimized,Impersonation,yes
removed_list,2025-09-03,duailibe.miniprettier,Impersonation,yes
removed_list,2025-09-03,dotatong.wt-prettier-vscode,Impersonation,yes
removed_list,2025-09-03,nkurasawa.vscode-ignore-prettier,Impersonation,yes
removed_list,2025-09-03,hyperproof.vscode-ext-prettier-java,Impersonation,yes
removed_list,2025-09-03,publishingsofficial.prettier-plus-vscode,Impersonation,yes
removed_list,2025-09-03,johnhtml.dasfasdsadasdf,Malware,no
removed_list,2025-09-03,outthaway.sol2-lang,Malware,yes
removed_list,2025-09-03,johnh.solibit22-lang,Malware,yes
removed_list,2025-09-03,EHooley.solibity-lang,Malware,yes
removed_list,2025-09-03,Solid.dolibity-slang,Malware,yes
removed_list,2025-09-03,VitalikBut.bolibity-slang,Malware,yes
removed_list,2025-09-03,VitalikB.solidit-lang,Malware,yes
removed_list,2025-09-03,SoliditFoundation.solidits-language,Malware,yes
removed_list,2025-09-03,MarkHutchins.markdown-preview-vs,Malware,no
removed_list,2025-09-03,HTMLLanguage.html-css-support,Malware,yes
removed_list,2025-09-03,0xS1rx58D3V.ChatGPT-B0T,Malware,yes
removed_list,2025-09-03,VKTeam.com,Malware,yes
removed_list,2025-09-03,ab-498.cppformat,Malware,yes
removed_list,2025-09-03,ab-498.cppplayground,Malware,yes
removed_list,2025-09-03,ab-498.pythonformat,Malware,yes
removed_list,2025-09-03,ahban.cychelloworld,Malware,yes
removed_list,2025-09-03,ahban.shiba,Malware,yes
removed_list,2025-09-03,AllenBarry.Solid,Malware,yes
removed_list,2025-09-03,better-sollidity.sollidity-plus,Malware,yes
removed_list,2025-09-03,blackforest.blackforest-1234,Malware,yes
removed_list,2025-09-03,BlockchainWEB3.blankebestxstnion,Malware,yes
removed_list,2025-09-03,bug-author.shadure,Malware,yes
removed_list,2025-09-03,ceo.sammarco,Malware,yes
removed_list,2025-09-03,discord-inc.discord-rich-presence-rpc,Malware,yes
removed_list,2025-09-03,ErickChandra.socratic-code-hinter,Malware,yes
removed_list,2025-09-03,ethanielliu.audit-helper,Malware,yes
removed_list,2025-09-03,ethcompiler.among-eth,Malware,yes
removed_list,2025-09-03,evaera-rbx.vscode-rojo-rbx,Malware,yes
removed_list,2025-09-03,Expressjs.expressjs-session,Malware,yes
removed_list,2025-09-03,GavinWoodETH.solid-eth,Malware,yes
removed_list,2025-09-03,gitkraken-dev.gitlens-pro,Malware,yes
removed_list,2025-09-03,Glenn-marks1990.live-sass-compiler,Malware,yes
removed_list,2025-09-03,ItalangMong.smile-editor,Malware,yes
removed_list,2025-09-03,JohnGaffney.blankebesxstnion,Malware,yes
removed_list,2025-09-03,JohnMcafee.JohnMcafeeSolid,Malware,yes
removed_list,2025-09-03,JuanBlanking.Solidy,Malware,yes
removed_list,2025-09-03,Languages.hungarian,Malware,yes
removed_list,2025-09-03,MarkH.chatgpt-autocoder-vscode,Malware,yes
removed_list,2025-09-03,MarkH.claude-autocoder-vscode,Malware,yes
removed_list,2025-09-03,MarkH.discord-rich-presence-vs,Malware,yes
removed_list,2025-09-03,MarkH.golang-compiler-vscode,Malware,yes
removed_list,2025-09-03,MarkH.html-obfuscator-vscode,Malware,yes
removed_list,2025-09-03,MarkH.python-obfuscator-vscode,Malware,yes
removed_list,2025-09-03,MarkH.rust-compiler-vs,Malware,yes
removed_list,2025-09-03,minlabs.quiet-code,Malware,yes
removed_list,2025-09-03,yfdyh000.aar-vscode,Malware,no
removed_list,2025-09-03,Onaga08.vibecode,Malware,yes
removed_list,2025-09-03,platformio-dev.platform-io,Malware,yes
removed_list,2025-09-03,prettierteam.prettier,Malware,yes
removed_list,2025-09-03,SFRA-FAKA.sfra-toolkit,Malware,yes
removed_list,2025-09-03,SnippetsLabs.kendo-formatter,Malware,yes
removed_list,2025-09-03,VSDeveloper.theme-library-vs,Malware,no
removed_list,2025-09-03,VSDeveloper.universal-intellisense,Malware,no
removed_list,2025-09-03,soIidity.cryptoovertheweekend4,Malware,yes
removed_list,2025-09-03,SoliditFoundation.solidit-language,Malware,yes
removed_list,2025-09-03,JuanFranBlanco.solidit-vscode,Malware,no
removed_list,2025-09-03,SmartContractAI.solaibot,Malware,no
removed_list,2025-09-03,tabnine-dev.tabnine-pro,Malware,yes
removed_list,2025-09-03,testrl777.Solidity-Ethereum,Malware,yes
removed_list,2025-09-03,Trustworthy.mevscode,Malware,yes
removed_list,2025-09-03,fnweoifweiofewofwoeifjwefvsjceqk.node-snippets-ai,Malware,no
removed_list,2025-09-03,VitalikButerinETH.vitaliketh,Malware,yes
removed_list,2025-09-03,VitalikButt.Solids,Malware,yes
removed_list,2025-09-03,VSCodeDeveloper.sobidity-compiler,Malware,yes
removed_list,2025-09-03,FaceCrypto.chocolatesnack,Malware,no
removed_list,2025-09-03,xuyanfeng.addr2line-assistant,Malware,yes
removed_list,2025-09-03,JuanFBlanco.awswhh,Malware,yes
removed_list,2025-09-03,JosephDembele95.email-grabber,Malware,yes
removed_list,2025-09-03,RabobankAI.rabobank-code-assistant,Malware,yes
removed_list,2025-09-03,Rojo.rojo-roblox-vscode,Impersonation,yes
removed_list,2025-09-21,CryptoCurrencyExtensions.blehai,Malware,yes
removed_list,2025-09-21,CryptoFoundation.BlehBleh,Malware,yes
removed_list,2025-09-21,BlockchainIndustries.bitcoin-toolkit,Malware,yes
removed_list,2025-09-21,BlockchainIndustries.blockchain-toolkit,Malware,yes
removed_list,2025-09-21,BlockchainIndustries.hardhat-toolkit,Malware,yes
removed_list,2025-09-21,BlockchainIndustries.solana-toolkit,Malware,yes
removed_list,2025-09-21,Crypto-Extensions.SnowShsoNo,Malware,yes
removed_list,2025-09-21,ShowSnowcrypto.SnowShoNo,Malware,yes
removed_list,2025-10-15,VSAnalysistest.global-state-test,Malware,yes
removed_list,2025-10-15,VSAnalysistest.discord-helper-test,Malware,yes
removed_list,2025-10-15,VSAnalysistest.clipboard-helper-vscode,Malware,yes
removed_list,2025-10-15,VSAnalysistest.mycodegpt-assistant,Malware,yes
removed_list,2025-10-15,automated1ogic.automated1ogic,Malware,yes
removed_list,2025-10-15,dontdownloadthis.dontdownloadthis,Malware,yes
removed_list,2025-10-15,webctrl.live,Malware,yes
removed_list,2025-10-15,automatedlogic.automatedlogic,Malware,yes
removed_list,2025-10-15,Extensions-Genre.bold-start,Malware,yes
removed_list,2025-10-15,498-00.pythonformat,Malware,yes
removed_list,2025-10-15,498-00.cppformat,Malware,yes
removed_list,2025-10-15,Wumpus.bold-end,Malware,no
removed_list,2025-10-15,beisen.codecake,Malware,yes
removed_list,2025-10-15,Sayantan710.ollot,Malware,yes
removed_list,2025-10-15,RachelFront.asdtif,Malware,yes
removed_list,2025-10-15,ReadMeAI.readmeai,Impersonation,yes
removed_list,2025-10-15,Extensions-Topic.portugese,Malware,yes
removed_list,2025-10-15,Extensions-Topic.german,Malware,yes
removed_list,2025-10-15,Extensions-Topic.coffeescript,Malware,yes
removed_list,2025-10-15,Extensions-Topic.polish,Malware,yes
removed_list,2025-10-15,Extensions-Topic.italian,Malware,yes
removed_list,2025-10-15,Extensions-Topic.bulgarian,Malware,yes
removed_list,2025-10-15,Extensions-Topic.korean,Malware,yes
removed_list,2025-10-15,RileyMoore.stdrlabs-ext,Malware,yes
removed_list,2025-10-15,AIClaude.claude-code-master,Impersonation,yes
removed_list,2025-10-15,zhucan.debug-cline,Impersonation,yes
removed_list,2025-10-15,sunamo-cz.specstory-autosave,Impersonation,yes
removed_list,2025-10-15,498-00.cppplayground,Malware,yes
malicious_list,2025-10-15,vkteam.com,Malicious,yes
malicious_list,2025-10-15,guozebin.api-generator-plugin,Malicious,yes
malicious_list,2025-10-19,ab-498.httpformat,Malicious,yes
removed_list,2025-10-19,reactsnippetsai.es7-react-js-snippets-ai,Malware,yes
removed_list,2025-10-19,OmniMind.node-ai,Malware,yes
removed_list,2025-10-19,NFoundation.terraform-ai,Malware,yes
removed_list,2025-10-19,vuesnippetsai.vue-snippets-ai,Malware,yes
removed_list,2025-10-19,GPTOnce.codepilot-vscode,Malware,yes
removed_list,2025-10-19,yfdyh000.aar-vsc-test,Malware,no
removed_list,2025-10-19,mercerllc.mercer-onboarding-helper,Malware,no
removed_list,2025-10-19,esonhugh.weaponized,Malware,no
removed_list,2025-10-19,luater.luatide,Malware,yes
removed_list,2025-10-20,PriyanshuMallick.clipboard-history-manager,Malware,no
removed_list,2025-10-20,WEB3Foundation.cxzczxcxz,Malware,yes
removed_list,2025-10-20,cline-ai-main.cline-ai-agent,Malware,yes
removed_list,2025-10-20,labfile.labfile,Malware,no
removed_list,2025-10-21,BenjaminFriedl.lexica-img-fix,Malware,yes
removed_list,2025-10-25,EricWrite.dsafsadas,Malware,yes
removed_list,2025-10-25,plugin-manager.vscode-notes-manager,Impersonation,yes
removed_list,2025-10-25,thesashkin.krnl-execute-thesashkin,Malware,no
removed_list,2025-10-28,StackspotPlatform.StackSpot,Impersonation,yes
removed_list,2025-10-29,AshleyHornja.prettierformattingplus,Malware,no
removed_list,2025-10-29,Utilities.wowlanguage,Malware,no
removed_list,2025-10-29,me80758262.piiithon-linter,Malware,yes
removed_list,2025-10-30,Extensions-A.wow1language,Malware,yes
removed_list,2025-10-30,JuanrBlanco.wow11language,Malware,no
removed_list,2025-10-30,esbenpp.pretier-vscodee,Impersonation,yes
removed_list,2025-10-30,jinyang.copilot-mcp-zh-cn,Impersonation,yes
removed_list,2025-10-31,DavidAsh.dcbox-vs,Malware,yes
removed_list,2025-10-31,DavidAsh.gruvbox-vs,Malware,yes
removed_list,2025-10-31,DavidAsh.tr-lang-pack,Malware,yes
removed_list,2025-10-31,DevelopmentInc.cfx-lua-vs,Impersonation;Malware,yes
removed_list,2025-10-31,DevelopmentInc.kombai-vs,Impersonation;Malware,yes
removed_list,2025-10-31,DevelopmentInc.minecraftsnippets,Impersonation;Malware,yes
removed_list,2025-10-31,DevelopmentInc.pokemon,Impersonation;Malware,yes
removed_list,2025-10-31,DevelopmentInc.torizon-vs,Impersonation;Malware,yes
removed_list,2025-11-05,annacode.pt-lab-simproc,Malware,no
removed_list,2025-11-05,raidenshogun.javascript-null-sequence,Malware,no
removed_list,2025-11-05,sahil92552.cbe-456,Malware,no
removed_list,2025-11-07,suspublisher18.susvsex,Malware,yes
removed_list,2025-11-08,CloudianApp.CloudianCompanion-56d02aa8da72,Malware,yes
removed_list,2025-11-09,juanbIanco.soli989,Malware,yes
removed_list,2025-11-09,vitalik-Buterin.soli-extensio,Malware,no
removed_list,2025-11-20,solidhelium.codeforces-submitter,Untrustworthy,yes
removed_list,2025-11-21,dfadhel.vscodepython,Malware,yes
removed_list,2025-11-22,SamuelPinto.prettier-vscode-pluss,Impersonation,yes
removed_list,2025-11-22,publishingsofficial.prettier-vscode-plus,Impersonation,yes
removed_list,2025-11-26,SamuelPinto.better-vscode-html-css,Impersonation,yes
removed_list,2025-11-26,SamuelPinto.better-vscode-html-css-support,Impersonation,no
removed_list,2025-11-28,Prisma-Inc.prisma-studio-assistance,Malware,yes
removed_list,2025-11-28,culvequeaka.Descargar-TRAIN-CREW-Prologue-gratuita-2022,Malware,no
removed_list,2025-11-28,newsporcolec.Penn-Elcom-Case-Designer-Crackepub-wonynoe,Malware,no
removed_list,2025-11-28,poccccc.Download-Openal32dll-File-For-Dirt-2-Crack-kadiysy,Malware,yes
removed_list,2025-11-28,vialenliyu.Functionsandapplications11mcgrawhillryersonpdf13-sallole,Malware,yes
removed_list,2025-12-02,71eb6d78-f65c-69f8-a0fd-58407e50bfc6.market,Spam,no
removed_list,2025-12-02,71eb6d78-f65c-69f8-a0fd-58407e50bfc6.twilightofthewarriorswalledin,Spam,no
removed_list,2025-12-02,71eb6d78-f65c-69f8-a0fd-58407e50bfc6.twilightofthewarriorswalledinhdtw,Spam,no
removed_list,2025-12-02,betterthanalltime.calva-vscode,Impersonation,yes
removed_list,2025-12-02,priskinski.Theme-Afterglow-remake,Malware,yes
removed_list,2025-12-02,priskinski.Theme-AgolaDark-remake,Malware,yes
removed_list,2025-12-02,priskinski.Theme-AllHallowsEve-remake,Malware,yes
removed_list,2025-12-02,priskinski.Theme-Amber-remake,Malware,yes
removed_list,2025-12-02,priskinski.Theme-Amy-remake,Malware,yes
removed_list,2025-12-03,Iconkieftwo.icon-theme-materiall,Malware,yes
removed_list,2025-12-03,Malkolm.Theme-ArtSchool-remake,Malware,yes
removed_list,2025-12-03,Malkolm.Theme-Ascetic-remake,Malware,yes
removed_list,2025-12-03,Malkolm.Theme-Aurora-remake,Malware,yes
removed_list,2025-12-03,Malkolm.Theme-azure-remake,Malware,yes
removed_list,2025-12-03,Malkolm.Theme-bashling-remake,Malware,yes
removed_list,2025-12-03,Med-H.git-graph-revamped,Impersonation,yes
removed_list,2025-12-03,heartacker.git-graph-ai,Impersonation,yes
removed_list,2025-12-04,77qingliu.sas-syntax,Impersonation,yes
removed_list,2025-12-04,Dart-vsc.code-dart,Malware,yes
removed_list,2025-12-04,bphpburnsus.iconesvscode,Malware,no
removed_list,2025-12-04,csvmech.csvrainbow,Malware,yes
removed_list,2025-12-04,cweijamysq.sync-settings-vscode,Malware,yes
removed_list,2025-12-04,eamodas.shiny-vscode,Malware,yes
removed_list,2025-12-04,flutcode.flutter-extension,Malware,yes
removed_list,2025-12-04,msjsdreact.react-native-vsce,Malware,yes
removed_list,2025-12-04,ovixcodes.basedpyright-vscode,Malware,yes
removed_list,2025-12-04,pvparuchuri.sas,Impersonation,yes
removed_list,2025-12-04,redmat.vscode-quarkus-pro,Malware,yes
removed_list,2025-12-04,saoudrizvsce.claude-devsce,Malware,yes
removed_list,2025-12-04,solblanco.svetle-vsce,Malware,no
removed_list,2025-12-04,vims-vsce.vscode-vim,Malware,yes
removed_list,2025-12-04,vsceue.volar-vscode,Malware,no
removed_list,2025-12-04,yamlcode.yaml-vscode-extension,Malware,yes
removed_list,2025-12-07,BigBlack.bitcoin-black,Malware,yes
removed_list,2025-12-07,DevCatppuccinpro.catppuccin-pro-vsc,Impersonation,yes
removed_list,2025-12-07,MahendrakarPrateek.prettyxml-pro,Impersonation,yes
removed_list,2025-12-07,RooIncVeterinaryDev.roo-cline-pro,Impersonation,yes
removed_list,2025-12-07,SpecStoryInc.specstory-vscode-pro,Impersonation,yes
removed_list,2025-12-07,TheMysteryPanda.discodemulti,Impersonation,yes
removed_list,2025-12-07,devCHOUZZ.vscode-better-align-pro,Impersonation,yes
removed_list,2025-12-07,fyzhu.git-pretty-graph,Impersonation,yes
removed_list,2025-12-07,lyywemhan.code-formatter-and-minifier-vscode,Impersonation,yes
removed_list,2025-12-07,piithon.piiithon-linter,Malware,yes
removed_list,2025-12-07,senseDevpro.profiler-php-pro,Impersonation,yes
removed_list,2025-12-07,sqlmtxredev.quarto-pro,Impersonation,yes
removed_list,2025-12-09,AkhilTeotia.prettier-vscode-cfml,Impersonation,yes
removed_list,2025-12-09,BigBlack.codo-ai,Malware,yes
removed_list,2025-12-09,BigBlack.mrbigblacktheme,Malware,no
removed_list,2025-12-09,complete.prettier-vscode-community,Impersonation,yes
removed_list,2025-12-09,jeronimodevex.color-picker-pro,Impersonation,no
removed_list,2025-12-09,ozz3dev.bitcoin-auto-trading,Malware,yes
removed_list,2025-12-09,theme-cyberpunk.theme-neon-cyberpunk,Malware,yes
removed_list,2025-12-13,CartagoNova.turbo-console-log-forked-by-cartago,Impersonation,yes
removed_list,2025-12-13,EffetMer.darkgpt,Malware,yes
removed_list,2025-12-13,LuizDoPc.luizdopc-turbo-console-log,Impersonation,yes
removed_list,2025-12-13,MisterAAR.codex-ai-pro,Malware,yes
removed_list,2025-12-13,NeoMain.Neo-Better-DevTracker,Impersonation,yes
removed_list,2025-12-13,Noe.noe-tokyo-night-horizon,Impersonation,yes
removed_list,2025-12-13,PhungXuanAnh.auto-run-command-with-condition,Impersonation,yes
removed_list,2025-12-13,SupporterREditor.r-vscode,Impersonation,yes
removed_list,2025-12-13,alexevanczuk.pks-vscode,Impersonation,yes
removed_list,2025-12-13,altynbek132.turbo-console-log-custom,Impersonation,yes
removed_list,2025-12-13,benpzhao.emmylua-aoe,Impersonation,yes
removed_list,2025-12-13,brainz-digital-com.brainz-digital-netbeans-keybindings,Impersonation,yes
removed_list,2025-12-13,cuitianze.turbo-console-log-with-emoji,Impersonation,yes
removed_list,2025-12-13,cyrilproletuzi.angular-schematics-pro,Impersonation,yes
removed_list,2025-12-13,dechuen-lee.tailwindcss-intellisense-auto-space,Impersonation,yes
removed_list,2025-12-13,devcodaro.codaro-pro,Malware,yes
removed_list,2025-12-13,env.Better-dotenv,Impersonation,yes
removed_list,2025-12-13,env.Javascript-snippets-plus,Impersonation,yes
removed_list,2025-12-13,frunoob.ankimini,Impersonation,yes
removed_list,2025-12-13,gerson577.turbo-console-log-modify,Impersonation,yes
removed_list,2025-12-13,ghlandy.LiveServer-2,Impersonation,yes
removed_list,2025-12-13,harrisonLin.fcbox-ai-code,Impersonation,yes
removed_list,2025-12-13,idanSaban.turbo-console-debuglog,Impersonation,yes
removed_list,2025-12-13,johnpborgon.codecompiler,Malware,yes
removed_list,2025-12-13,johnpborgon.react-exe-runner,Malware,yes
removed_list,2025-12-13,levicarlsson.shelly,Malware,yes
removed_list,2025-12-13,linlinzhao.turbo-console-log-enhance,Impersonation,yes
removed_list,2025-12-13,littensydev.charmed-icons-pro,Impersonation,yes
removed_list,2025-12-13,mahdihajian.angular-files-creator,Impersonation,yes
removed_list,2025-12-13,mahdihajian.vscode-pull-request-azure-devops,Impersonation,yes
removed_list,2025-12-13,mahdihajian.vscode-shelf,Impersonation,yes
removed_list,2025-12-13,mishannn.custom-turbo-console-log,Impersonation,yes
removed_list,2025-12-13,nocnokneo.gif-player-plus,Impersonation,yes
removed_list,2025-12-13,pandaexpress.Theme-Anarchist-plugin,Malware,yes
removed_list,2025-12-13,pandaexpress.Theme-AnarchistEighties-plugin,Malware,yes
removed_list,2025-12-13,pandaexpress.Theme-Array-plugin,Malware,yes
removed_list,2025-12-13,pandaexpress.Theme-ant-plugin,Malware,yes
removed_list,2025-12-13,pandaexpress.Theme-arstotzka-plugin,Malware,yes
removed_list,2025-12-13,phantomgz.vscode-theme-onedark-c,Impersonation,yes
removed_list,2025-12-13,sachinsmc.turbo-rust-println,Impersonation,yes
removed_list,2025-12-13,samuanv.turbo-console-log-single-quotes,Impersonation,yes
removed_list,2025-12-13,sseveur.vscode-bigquery-v2,Impersonation,yes
removed_list,2025-12-13,svltsweet.Svetle-for-Cursor,Impersonation,yes
removed_list,2025-12-13,trlanfeng.turbo-console-log,Impersonation,yes
removed_list,2025-12-13,tuur29.turbo-console-log,Impersonation,yes
removed_list,2025-12-13,val-brlt.turbo-console-no-comma,Impersonation,yes
removed_list,2025-12-13,ygqygq2.turbo-print-log,Impersonation,yes
removed_list,2025-12-13,zero-pzp.turbo-console-log-pzp,Impersonation,yes
removed_list,2025-12-13,zigbook.pilot-repl,Potentially malicious,yes
removed_list,2025-12-15,AARCarti.darkai-ai-pro,Malware,yes
removed_list,2025-12-15,AARCarti.fortex-ai-pro,Malware,yes
removed_list,2025-12-15,DonJayamne.DonJayamne,Impersonation,yes
removed_list,2025-12-15,DotRush.dotrushV2-0,Malware,no
removed_list,2025-12-15,ethers.ethersfoundry,Malware,no
removed_list,2025-12-15,juanblancodevelopment.ether-solid,Malware,no
removed_list,2025-12-15,pythoner.Black-Molokai-Theme,Malware,yes
removed_list,2025-12-19,AhmedSleem.secure-code,Malware,yes
removed_list,2025-12-19,EfferSmart.code-studio-pro,Malware,yes
removed_list,2025-12-19,EfferSmart.qoodo-ai,Malware,yes
removed_list,2025-12-19,InternetLK.username-poc,Malware,yes
removed_list,2025-12-19,OPENEDAI.OPENEDAI,Impersonation,yes
removed_list,2025-12-19,SyntaxDev.New-Christmas-Theme,Malware,yes
removed_list,2025-12-19,codevsce.codelddb-vscode,Impersonation,yes
removed_list,2025-12-19,embeddteam.embedded-build-analyzer,Impersonation,yes
removed_list,2025-12-19,embeddteam.embedded-cortex-debug,Impersonation,yes
removed_list,2025-12-19,embeddteam.embeddedprojectmanager,Impersonation,yes
removed_list,2025-12-19,marketplacer.marketplacer,Malware,yes
removed_list,2025-12-19,siffat-ahmed.ai-autocomplete-siffat-ahmed,Impersonation,yes
removed_list,2025-12-19,RogDeved.Night-moonlight-theme,Impersonation,yes
removed_list,2025-12-19,WilliamAsaba.dev-time-tracker,Malware,yes
removed_list,2025-12-19,chess-color-theme.chess-svelte-5-snippets,Impersonation,yes
removed_list,2025-12-19,cn00.duckdb-lab,Impersonation,yes
removed_list,2025-12-19,cn00.sqltools-duckdb,Impersonation,yes
removed_list,2025-12-19,ferrymo.intellij-idea-new-ui-pretty-ferrymo,Impersonation,yes
removed_list,2025-12-19,wlnxingdev.free-senltig,Impersonation,yes
removed_list,2025-12-19,yonbip.yds-gitlab-workflow,Impersonation,yes
removed_list,2025-12-23,Benachile-studio.protobuf-pro,Impersonation,yes
removed_list,2025-12-23,Kiki67.gambling-corner,Spam,yes
removed_list,2025-12-23,Ritchie.cursor-dark-plus,Impersonation,yes
removed_list,2025-12-23,embedd-team.embedd-build-analyzer,Impersonation,yes
removed_list,2025-12-23,embedd-team.embedd-cortex-debug,Impersonation,yes
removed_list,2025-12-23,embedd-team.embedd-peripheral-viewer,Impersonation,yes
removed_list,2025-12-23,embedd-team.embedd-project-manager,Impersonation,yes
removed_list,2025-12-23,lsq-xgydxdx.git-graph-tool-chinese,Impersonation,yes
removed_list,2025-12-23,naveenkunder.format-html,Impersonation,yes
removed_list,2025-12-23,nourgaser.google-tasks-json-fork,Impersonation,yes
removed_list,2025-12-23,wuyifeng.ai-svn-scm,Impersonation,yes
removed_list,2025-12-23,wuyifeng.vscode-database-client,Impersonation,yes
removed_list,2025-12-23,AutoMind.automindX,Malware,yes
removed_list,2025-12-23,QuantumCodeLabs.ai-code-explainer,Malware,yes
removed_list,2025-12-23,QuantumCodeLabs.ai-doc-generator,Malware,yes
removed_list,2025-12-23,QuantumCodeLabs.ai-test-generator,Malware,yes
removed_list,2025-12-23,QuantumCodeLabs.ayu-theme,Malware,yes
removed_list,2025-12-23,QuantumCodeLabs.darky-ai,Malware,yes
removed_list,2025-12-23,QuantumCodeLabs.dracula-pro-theme,Malware,yes
removed_list,2025-12-23,QuantumCodeLabs.qoodo-ai-assistant,Malware,yes
removed_list,2025-12-23,TechSolutionsPro.bitcoin-cake-theme,Malware,yes
removed_list,2025-12-23,krabt.krabt-extension-pack,Impersonation,yes
removed_list,2025-12-23,krabt.krabt-proto,Impersonation,yes
removed_list,2025-12-23,serialt.sugar-extension-pack,Impersonation,yes
removed_list,2025-12-23,serialt.sugar-proto,Impersonation,yes
removed_list,2025-12-23,OktayAydoan.smarty-formatter,Impersonation,yes
removed_list,2025-12-23,StefanYosif.axion-ai,Malware,yes
removed_list,2025-12-28,DiegoPandiello.aws-srp-rest-client,Impersonation,yes
removed_list,2025-12-28,DiegoPandiello.elixir-ls-test-args,Impersonation,yes
removed_list,2025-12-28,ZhangQuan.code-translate-enhanced,Impersonation,yes
removed_list,2025-12-29,Batch.Docker-Vscode-V2,Impersonation,yes
removed_list,2025-12-30,diegofernandezpandiello.super-elixir-ls,Impersonation,yes
removed_list,2025-12-30,pablaofficeal.taskmanager-vscode,Malware,yes
removed_list,2025-12-30,solario.enhanced-favorites,Impersonation,yes
removed_list,2026-01-06,FRONT-END-AI.front-end-ai,Publisher requested,yes
removed_list,2026-01-06,OryonTechnology.oryon,Malware,yes
removed_list,2026-01-06,juancryptoblanco.ether-solidt,Malware,no
removed_list,2026-01-07,ANZ-BANK.vscode-sysl,Malware,yes
removed_list,2026-01-07,MaikeyShrimp.vscode-pets-shrimp-bata,Deprecated,yes
removed_list,2026-01-07,OmGawande.sonata,Impersonation,yes
removed_list,2026-01-07,dingdao-opensource.pwa-kit-studio,Malware,yes
removed_list,2026-01-07,lone17.lone-vscode-pets,Deprecated,yes
removed_list,2026-01-07,wli273088.vscode-pets-for-courses-demo,Malware,yes
removed_list,2026-01-08,hatsunemikulover.gutils,Impersonation,yes
removed_list,2026-01-08,ynqq.comment-anchors-ynqq,Impersonation,yes
removed_list,2026-01-09,devokai.codesleep,Malware,no
removed_list,2026-01-09,juanblan281.solid281,Malware,yes
removed_list,2026-01-09,thewerthon.thewerthon-scope-to-this,Impersonation,yes
removed_list,2026-01-14,akirakudo911.kudosflow2,Impersonation,yes
removed_list,2026-01-14,ctk.commandlist-enhanced,Impersonation,yes
removed_list,2026-01-14,teakovva.overpy-bastion,Impersonation,yes
removed_list,2026-01-15,VibeKanban.vibe-kanban-vscode,Impersonation,yes
removed_list,2026-01-15,atom8n.thor-client-atom8n,Impersonation,yes
removed_list,2026-01-16,DarshanChauhan.tm-workitem-tab,Impersonation,no
removed_list,2026-01-16,borgius.lm-proxy-responses,Impersonation,yes
removed_list,2026-01-16,borgius.localrag,Impersonation,yes
removed_list,2026-01-16,vjoker.legend-script-editor,Impersonation,yes
removed_list,2026-01-16,xuli.qt-for-python,Impersonation,yes
