captured_date,source,msft_classification_type,extension_identifier,publisher_name,version,artifact,sha256,size_mb,published_date,last_updated_date,verified_publisher,installation_count,average_rating,rating_count,categories,repository_url,flags,exists_in_dataset
2025-09-25,removed_list,Malware,0xS1rx58D3V.ChatGPT-B0T,0xS1rx58D3V,0.0.1,0xS1rx58D3V.ChatGPT-B0T-0.0.1.vsix,16a3169d5b75fe7df05488e7627380af9ea9a0c34d78ac413dde1e79e47dc021,0.55,2024-07-24,unknown,unknown,47,4.4,1,Other,none,unknown,yes
2025-09-21,removed_list,Malware,498-00.cppformat,498-00,1.0.12,498-00.cppformat-1.0.12.vsix,c793ed6f2354eacc34d454203760cf4e7a024b95ca42d030bd36f8a08ec74264,0.84,2025-09-17,2025-09-20,false,36,none,none,Programming Languages;Formatters,https://github.com/AB498/cppformat.git,validated;public,yes
2025-09-25,removed_list,Malware,498-00.cppplayground,498-00,1.0.43,498-00.cppplayground-1.0.43.vsix,a5663ece0b4c8252b8ed8696bbd5b6367f63a34b38fb4c89e41c761222943de6,1.60,2025-09-17,2025-09-18,false,11,none,none,Programming Languages;Snippets;Linters;Debuggers;Formatters;Data Science;Visualization;Education;AI,https://github.com/AB498/cppplayground.git,validated;public,yes
2025-09-21,removed_list,Malware,498-00.pythonformat,498-00,1.0.51,498-00.pythonformat-1.0.51.vsix,19f9e60ef50cdcc0343cbfca5f9be052b34fcb3094bd6c5adc2f90055cd01d34,6.21,2025-09-17,2025-09-18,false,116,none,none,Programming Languages;Linters;Debuggers;Formatters;Visualization,https://github.com/AB498/pythonformat.git,validated;public,yes
2025-09-25,malicious_list,Malicious,498.pythonformat,498,1.0.48,498.pythonformat-1.0.48.vsix,4fec0d46ba7bae1778f0d9e4c7e846bbd1182a19efb46cf8c7ec85aa531b20cd,4.15,2024-11-29,unknown,unknown,1100,4.5,1,Programming Languages,none,unknown,yes
2025-09-03,removed_list,Malware,7finney.ethcode,7finney,0.5.1,7finney.ethcode-0.5.1.vsix,c5a41f1f4b6ec4bc9f8b96bab139f5bffca6beb54ad049d71679249d249e6606,12.17,2022-10-28,2025-07-01,false,6219,5,1,Programming Languages;Debuggers,https://github.com/7finney/ethcode.git,validated;public,yes
2025-06-23,malicious_list,Malicious,ab-498.cppformat,ab-498,1.0.10,ab-498.cppformat-1.0.10.vsix,4eb39ccdff9c04755c98cc04d03991e4df00fac0a13414f1c59abe970fb87e2e,0.62,2025-04-13,2025-04-23,false,879,none,none,Programming Languages;Formatters,https://github.com/AB498/cppformat.git,unknown,yes
2025-06-23,malicious_list,Malicious,ab-498.cppplayground,ab-498,1.0.42,ab-498.cppplayground-1.0.42.vsix,2a5e329d44403e27c7bb5e2713d364d020319ca89bf099f4ee933f97e8da8518,0.78,2025-04-13,2025-04-17,false,433,none,none,Programming Languages;Snippets;Linters;Debuggers;Formatters;Data Science;Visualization;Education;AI,https://github.com/AB498/cppplayground.git,unknown,yes
2025-06-23,malicious_list,Malicious,ab-498.httpformat,ab-498,1.0.56,ab-498.httpformat-1.0.56.vsix,9e4de385e2411d3c787630ba8930d5a927d9ee2ef33ee0b8cae7efafd34af00f,0.27,2025-04-13,2025-06-22,false,11281,5,2,Formatters,https://github.com/AB498/httpformat.git,unknown,yes
2025-06-23,malicious_list,Malicious,ab-498.pythonformat,ab-498,1.0.50,ab-498.pythonformat-1.0.50.vsix,0200806b14f835f559d32c2d1c07429a227b1e79a2e749a3096a10aad6f053cf,6.03,2025-04-13,2025-04-17,false,4151,none,none,Programming Languages;Linters;Debuggers;Formatters;Visualization,https://github.com/AB498/pythonformat.git,unknown,yes
2025-09-25,removed_list,Copyright violation,abhiagr.livs,abhiagr,1.0.6,abhiagr.livs-1.0.6.vsix,48146e33b177b9fa80bc9ffbc3b2e53db72e77b9e7e45f3f800cf0c9af8cf2e5,0.02,2017-04-26,unknown,unknown,9000,4.2,3,Other,https://github.com/agrabhi/livs,unknown,yes
2025-09-25,malicious_list,Malicious,ahban.cychelloworld,ahban,0.2.2,ahban.cychelloworld-0.2.2.vsix,d1dde6b4ed6629466caf57fd5bd4e3521583533a7cea5e8cdaffea0b0a8970c6,0.41,2025-03-03,unknown,unknown,7,4.4,1,Other,none,unknown,yes
2025-09-25,malicious_list,Malicious,ahban.shiba,ahban,0.0.9,ahban.shiba-0.0.9.vsix,78898de41796c80d2fd513d812b4411032850ce44eb8bb2c12211755f2e3d07e,0.01,2025-03-10,unknown,unknown,2,4.4,1,Other,none,unknown,yes
2025-09-25,removed_list,Malware,ahbanC.shiba,ahbanC,0.1.4,ahbanC.shiba-0.1.4.vsix,58ac09a29d42281d45c2373d58da14e6d8d38509a3f9df66a374132a8ab879d0,0.01,2025-06-07,unknown,unknown,3,4.5,1,Other,https://github.com/Ahban08/shiba,unknown,yes
2025-09-25,removed_list,Malware,AhmedCrypto.ahmedcrypto1,AhmedCrypto,0.0.3,AhmedCrypto.ahmedcrypto1-0.0.3.vsix,fe82e7b868945d187c65d1537cd01860d3f3c274e130eb628109b55cc986a7c0,0.04,2025-07-04,unknown,unknown,2000000,4.5,1,Programming Languages,https://github.com/ethereum/solidity,unknown,yes
2025-09-03,removed_list,Typo-squatting,AIClaude.claude-code-master,AIClaude,0.1.2,AIClaude.claude-code-master-0.1.2.vsix,1403349b8ef18f1a4c8c09d38dc311050dbc5fdf349d540156904c0868873244,0.14,2025-06-24,2025-06-24,false,1300,none,none,Programming Languages;Snippets;Linters;Formatters;Machine Learning;Education;Testing;AI;Chat,https://github.com/andrepimenta/claude-code-chat.git,validated;public,yes
2025-09-25,malicious_list,Malicious,AllenBarry.Solid,AllenBarry,1.0.2,AllenBarry.Solid-1.0.2.vsix,7e8f612a50bdcc7117ce5e4ab1a8e0d9caeea492b62b730ddbbb3645662bee7b,0.29,2025-05-13,unknown,unknown,1600000,none,none,Programming Languages,https://github.com/ethereum/solidity,unknown,yes
2025-09-03,removed_list,Malware,automated1ogic.automated1ogic,automated1ogic,0.0.1,automated1ogic.automated1ogic-0.0.1.vsix,f074c0bef63682641b5a90d806438ecdc8248a6706f48d01b5619f202898e193,0.01,2024-05-21,2024-05-21,false,14,none,none,Other,none,validated;public,yes
2025-09-03,removed_list,Malware,automatedlogic.automatedlogic,automatedlogic,0.0.3,automatedlogic.automatedlogic-0.0.3.vsix,5e69eb34af4d4611ae7e79441ea2223c79dda736fb144b9e9289bd5fe4ab60de,0.01,2024-05-20,2024-05-21,false,56,none,none,Other,none,validated;public,yes
2025-09-25,removed_list,Copyright violation,azure-dev.azure-cli-helper,azure-dev,0.0.1,azure-dev.azure-cli-helper-0.0.1.vsix,33db24ad9fe5d81665ff209667de85176d61ee5e17f3388f9c37dc14bab54f9f,0.33,2022-09-06,unknown,unknown,9000,4.5,1,Extension Packs,https://github.com/azure/azure-dev,unknown,yes
2025-09-03,removed_list,Malware,beisen.codecake,beisen,1.0.4,beisen.codecake-1.0.4.vsix,ac4c750f27c49001078a311a1f4785c578afbb503b24d3b313963399b546199b,16.98,2019-01-11,2019-01-12,false,81,none,none,Other,none,validated;public,yes
2025-09-25,malicious_list,Malicious,benawad.vsinder,benawad,1.19.0,benawad.vsinder-1.19.0.vsix,c1e5f4be2ad872326b8547ac1694e01b7ebaf159bfd715ebfcb96b37c085be73,0.12,2020-12-20,unknown,unknown,48250,none,none,Other,https://github.com/benawad/vsinder,validated;public;unpublished;locked,yes
2025-09-25,malicious_list,Malicious,better-sollidity.sollidity-plus,better-sollidity,0.0.183,better-sollidity.sollidity-plus-0.0.183.vsix,5f72d632c41a90abf2053832aebf1c12a1c524059cb47b5953a22cd214918515,35.93,2025-04-11,unknown,unknown,7,4.4,1,Other,https://github.com/better-solidity/vscode-solidity,unknown,yes
2025-09-25,malicious_list,Malicious,bipro.bipro-dev,bipro,1.0.2,bipro.bipro-dev-1.0.2.vsix,05d41c64ff5dbc2216ae8a4d0ed1b828df6757074ccb700bb167a548f91c4ec4,5.65,2024-12-15,unknown,unknown,494,none,none,Programming Languages,https://github.com/bipash25/cline-with_more_models,validated;public;unpublished;locked,yes
2025-09-25,malicious_list,Malicious,blackforest.blackforest-1234,blackforest,0.4.0,blackforest.blackforest-1234-0.4.0.vsix,0ae5818a468285cad40342e8025730ced966155f68750d3f27bf881cc55b2db4,0.01,2025-04-10,unknown,unknown,2,4.4,1,Other,none,unknown,yes
2025-09-25,malicious_list,Malicious,BlancoFoundation.Truffle,BlancoFoundation,1.0.2,BlancoFoundation.Truffle-1.0.2.vsix,e79b904710fcd2599f7e74a12dc504a84f528063fc3ef7d58c9e08216a853915,4.79,2025-02-02,unknown,unknown,55200,4.4,1,Programming Languages,none,unknown,yes
2025-09-12,removed_list,Malware,BlockchainIndustries.bitcoin-toolkit,BlockchainIndustries,0.0.1,BlockchainIndustries.bitcoin-toolkit-0.0.1.vsix,f33a48f3c53a8f4ea7226a3f0bdc3ae0ee162fe3c686461d87dcbd4adacef009,0.01,2025-09-11,2025-09-11,false,92798,none,none,Other,none,validated;public;unpublished,yes
2025-09-12,removed_list,Malware,BlockchainIndustries.blockchain-toolkit,BlockchainIndustries,0.0.1,BlockchainIndustries.blockchain-toolkit-0.0.1.vsix,0692494b4524458e44f309de4a99e09d2f3b3e35863b937e48e155e1c32c8fbd,0.01,2025-09-11,2025-09-11,false,93044,none,none,Other,none,validated;public;unpublished,yes
2025-09-12,removed_list,Malware,BlockchainIndustries.hardhat-toolkit,BlockchainIndustries,0.0.1,BlockchainIndustries.hardhat-toolkit-0.0.1.vsix,4765411edba7e601766b4cb01124d47d71f1684f15d046cb2f677f60a8881d39,0.01,2025-09-11,2025-09-11,false,92818,none,none,Other,none,validated;public;unpublished,yes
2025-09-12,removed_list,Malware,BlockchainIndustries.solana-toolkit,BlockchainIndustries,0.0.1,BlockchainIndustries.solana-toolkit-0.0.1.vsix,a537fa7daa0aa23e7cd0480bcec93652b29763be91d32a4489f808493a4bd1df,0.01,2025-09-11,2025-09-11,false,93622,none,none,Other,none,validated;public;unpublished,yes
2025-09-25,malicious_list,Malicious,BlockchainWEB3.blankebestxstnion,BlockchainWEB3,1.0.2,BlockchainWEB3.blankebestxstnion-1.0.2.vsix,b28526626ea04a61bd9cb53d706ed7a4111203f398abb14dd0a520a9081875f7,0.29,2025-05-12,unknown,unknown,1800000,none,none,Programming Languages,https://github.com/ethereum/solidity,unknown,yes
2025-09-25,removed_list,Malware,bogigigigigity.etherefound,bogigigigigity,0.0.7,bogigigigigity.etherefound-0.0.7.vsix,655a1f2367c07c1112b44d8a660c182c6ae5fba32137e9af2c923fa10ab14b4e,0.03,2025-08-10,unknown,unknown,46500,none,none,Programming Languages,https://github.com/ethereum,unknown,yes
2025-09-25,removed_list,Typo-squatting,btwiuse.gopilot-chat,btwiuse,0.0.0,btwiuse.gopilot-chat-0.0.0.vsix,f875014dd432d5c75c924768880b8be566e55030b76030c7a64fde39f9fc5048,4.45,2025-06-28,unknown,unknown,1,4.4,1,Programming Languages,https://github.com/microsoft/vscode-copilot-release,unknown,yes
2025-08-25,malicious_list,Malicious,btwiuse.vscode-remote-server,btwiuse,0.0.5,btwiuse.vscode-remote-server-0.0.5.vsix,b9771c0090386eb322b7fed842ed174422c2b29217ad72ecb29abd76dbb22f69,2.61,2022-04-20,2023-05-24,unknown,3350,none,none,Other,https://github.com/btwiuse/vscode-remote-server,validated;public;unpublished;locked,yes
2025-09-25,malicious_list,Malicious,bug-author.shadure,bug-author,0.0.3,bug-author.shadure-0.0.3.vsix,a3f8b6b9a687c71f52c04fa1bc0ee2db7b44bf7200ca7b38644e5321e9a69f30,0.54,2025-05-07,unknown,unknown,17790,4.4,1,Themes,https://github.com/bug-author/shadure,unknown,yes
2025-09-25,removed_list,Typo-squatting,bysabi.prettier-vscode-semistandard,bysabi,0.22.1,bysabi.prettier-vscode-semistandard-0.22.1.vsix,b30f9c7704c88d06e735996187dfa08d6f2f63da793637079604a4292b073eea,7.14,2017-08-08,unknown,unknown,28700,4.1,1,Formatters,https://github.com/bySabi/patch--prettier-vscode,unknown,yes
2025-09-25,removed_list,Typo-squatting,bysabi.prettier-vscode-standard,bysabi,0.22.1,bysabi.prettier-vscode-standard-0.22.1.vsix,d5be2f7f44c1aa4b9e656dfe6e07087f596bcd767866edeef62b2cc6e7bc5c87,7.11,2017-08-08,unknown,unknown,133200,4.2,3,Formatters,https://github.com/bySabi/patch--prettier-vscode,unknown,yes
2025-09-25,malicious_list,Malicious,ceo.sammarco,ceo,3.9.21,ceo.Sammarco-3.9.21.vsix,e31ac2bdd149196f33d02360b1f58c9eb9a04779e651466170a86d537936dd03,1.79,2023-07-17,unknown,unknown,51,4.4,1,Themes,none,unknown,yes
2025-09-25,removed_list,Malware,CharlesHoskinson.lfamnw1,CharlesHoskinson,0.0.8,CharlesHoskinson.lfamnw1-0.0.8.vsix,58ae655ddb726e2f5b8b9b9129f580a0db5e8b1d286e5f8e73e4656214c18a40,0.04,2025-06-29,unknown,unknown,0,none,none,Other,https://github.com/ethereum/solidity,unknown,yes
2025-08-25,malicious_list,Malicious,code-tester.code-tester,code-tester,0.0.1,code-tester.code-tester-0.0.1.vsix,4eb0d9405a700eccfa78aefbed73b6c8192718007decd11c45fc9c14dd65e060,0.01,2020-08-14,2023-12-01,unknown,113,none,none,Other,none,validated;public;unpublished;locked,yes
2025-09-25,removed_list,Malware,Crypto-Extensions.SnowShsoNo,Crypto-Extensions,0.6.1,Crypto-Extensions.SnowShsoNo-0.6.1.vsix,5fde108e514b2f46fce09b58f4de8df5dbe0227401c394716f60011269b7c94b,0.03,2025-09-11,unknown,unknown,0,none,none,Programming Languages,https://github.com/ethereum,unknown,yes
2025-09-25,removed_list,Malware,Cryptocurrency.asbaquin,Cryptocurrency,0.0.7,Cryptocurrency.asbaquin-0.0.7.vsix,923755afaa91537452981bd792d98c518abf1524cec8a2ab906351bf8d9d3664,0.04,2025-07-03,unknown,unknown,347,none,none,Programming Languages,https://github.com/ethereum/solidity,unknown,yes
2025-09-25,removed_list,Malware,CryptoCurrencyExtensions.blehai,CryptoCurrencyExtensions,0.6.0,CryptoCurrencyExtensions.blehai-0.6.0.vsix,3769cf35d4122b3f21ba54b71a48f3f6d9b88098f3a4ca891291f71580a4c31e,0.03,2025-09-20,unknown,unknown,0,none,none,Programming Languages,https://github.com/solidity,unknown,yes
2025-09-25,removed_list,Malware,CryptoFoundation.BlehBleh,CryptoFoundation,0.6.0,CryptoFoundation.BlehBleh-0.6.0.vsix,91b686c61e8e6a89ca02f4f6e19d1f6dd95ee49300b42c4475f04124c3f3a37b,0.03,2025-09-20,unknown,unknown,0,none,none,Programming Languages,https://github.com/ethereum,unknown,yes
2025-09-25,removed_list,Malware,CryptoPublisher.aidebut,CryptoPublisher,0.1.2,CryptoPublisher.aidebut-0.1.2.vsix,26b2b91492a41e13185a09095580264d945700712f5a7f4e30fe0767c34fe32b,0.04,2025-07-09,unknown,unknown,0,none,none,Programming Languages,https://github.com/ethereum/solidity,unknown,yes
2025-09-25,removed_list,Malware,CSF-RED.CSF-RED,CSF-RED,0.0.1,CSF-RED.CSF-RED-0.0.1.vsix,35c655431f1a394cdde5dfa84d854b0e940081a896fcfa569cd3460e0c63d502,0.01,2025-06-03,unknown,unknown,4,4.4,1,Other,none,unknown,yes
2025-09-25,removed_list,Malware,dafsfsdsfdfsdf11.randomic-slaying-pog,dafsfsdsfdfsdf11,0.0.3,dafsfsdsfdfsdf11.randomic-slaying-pog-0.0.3.vsix,c93a01433a8ed290c4c1b772027633ba0aaec8ac7a82174071cdbb8642d22bf3,0.01,2025-07-16,unknown,unknown,2,4.5,1,Other,none,unknown,yes
2025-09-25,malicious_list,Malicious,darcula-theme.darcula-official,darcula-theme,2.4.17,darcula-theme.darcula-official-2.4.17.vsix,2912291a1d8168f07d5098eb4b0843af6f126b86ea36c276ec8b0169862d56b9,0.44,2024-06-08,unknown,unknown,893,4.5,1,Themes,none,unknown,yes
2025-08-25,malicious_list,Malicious,dingzex.dsp-ide,dingzex,3.11.2001,dingzex.DSP-IDE-3.11.2001.vsix,d91c30bc30cc76154014a15136f41b090ed60c00ea562eaa514680f0cb08e3f3,134.00,2024-09-25,2024-09-25,unknown,927,none,none,Programming Languages,https://github.com/github0null/eide,validated;public;unpublished;locked,yes
2025-08-25,malicious_list,Malicious,discord-inc.discord-rich-presence-rpc,discord-inc,0.0.4,discord-inc.discord-rich-presence-rpc-0.0.4.vsix,3db3b2531c72a9784218edc1b4db9265c4c4ad97136110f7787790e5aae38e96,3.82,2025-04-05,2025-04-05,unknown,"191,505",4.4,1,Other,none,unknown,yes
2025-09-03,removed_list,Malware,dontdownloadthis.dontdownloadthis,dontdownloadthis,0.0.2,dontdownloadthis.dontdownloadthis-0.0.2.vsix,e3e7ece591884b5ca541b39c052a22f42d793ddfdaaa01f0a1b10b3106436606,0.01,2024-09-08,2024-09-09,false,3771,none,none,Other,none,validated;public;unpublished,yes
2025-09-25,removed_list,Typo-squatting,dotatong.wt-prettier-vscode,dotatong,1.0.2,dotatong.wt-prettier-vscode-1.0.2.vsix,0b414825ed7d3cb080fb07b021fa6ab0a8abafc15ba4123885fac1d302ccca84,1.59,2023-05-15,unknown,unknown,1620,4.4,1,Formatters,none,unknown,yes
2025-09-25,removed_list,Typo-squatting,duailibe.miniprettier,duailibe,0.1.0,duailibe.miniprettier-0.1.0.vsix,ecf362d8920949f5ca951fb11cff41c24399523d9079ae8352ec370a8e863b60,2.13,2020-03-03,unknown,unknown,4000,4.5,1,Formatters,https://github.com/duailibe/vscode-miniprettier,unknown,yes
2025-09-25,removed_list,Typo-squatting,DylanRampage.prettier-optimized,DylanRampage,11.0.0,DylanRampage.prettier-optimized-11.0.0.vsix,98819eca143684fe6bc9434655ce7450a2040433de30bdba35978a9540836b9d,2.35,2025-01-22,unknown,unknown,289,4.5,1,Formatters,https://github.com/prettier/prettier-vscode,unknown,yes
2025-09-03,removed_list,Malware,EchelonStudios.blockchain-language-support,EchelonStudios,1.0.1,EchelonStudios.blockchain-language-support-1.0.1.vsix,20261ca4eadf646c87d33aa4d0c1ac7d62e26616a7e808840e96e5903de2d6f8,1.35,2025-08-27,2025-09-03,false,67877,5,1,Programming Languages,none,validated;public;unpublished,yes
2025-09-25,malicious_list,Malicious,edr-test.pyhton,edr-test,2.0.0,edr-test.pyhton-2.0.0.vsix,c2e204a8071ed48459e5fa53edf27bfa7b090288423dd53dc0dde1da5cf4f740,0.01,2025-02-04,unknown,unknown,58,none,none,Other,none,unknown,yes
2025-09-25,removed_list,Malware,EHooley.solibity-lang,EHooley,0.0.2,EHooley.solibity-lang-0.0.2.vsix,54d9c2f15910abe052a44f88a73b487010a74f0fdee6649a2803c5bcf72ed5c5,16.90,2025-05-03,unknown,unknown,0,unknown,unknown,Other,none,unknown,yes
2025-09-25,removed_list,Malware,EllisonBrett.givingblankies,EllisonBrett,0.0.2,EllisonBrett.givingblankies-0.0.2.vsix,ba06d048d1aebbfe73e0d3ef6aa1e759f2189f4b4d23786ed2f2ce442949cb0a,0.04,2025-08-20,unknown,unknown,0,none,none,Programming Languages,https://github.com/uniswap,unknown,yes
2025-09-25,malicious_list,Malicious,ErickChandra.socratic-code-hinter,ErickChandra,0.0.16,ErickChandra.socratic-code-hinter-0.0.16.vsix,a6bfa371a72915f9c9b3a74038a2a092065d66a42f2172cc17bc6d02acf25d0d,35.48,2025-03-19,unknown,unknown,15,4.4,1,Other,https://github.com/MOE-TRF-23/socrabot-extension,unknown,yes
2025-08-25,malicious_list,Malicious,Ericsson123.DarkThemed,Ericsson123,1.0.0,Ericsson123.DarkThemed-1.0.0.vsix,6933bd9c247c0361e351b9b5bae68d4618c543c5ba4e0e7396187d78f645e209,0.01,2022-10-12,2024-07-01,unknown,139,5,1,Other,none,validated;public;unpublished;locked,yes
2025-09-25,malicious_list,Malicious,ethanielliu.audit-helper,ethanielliu,0.0.1,ethanielliu.audit-helper-0.0.1.vsix,e66199a5307d319a1617590b18d9cd267980543ba4b353124e353871b99d7f4f,1.23,2023-07-17,unknown,unknown,unknown,unknown,unknown,Other,none,unknown,yes
2025-09-25,malicious_list,Malicious,ethcompiler.among-eth,EthCompiler,1.0.2,EthCompiler.among-eth-1.0.2.vsix,ce72b79e324371134db762fe70b8b1789af899d7217461bc3658a6bd84743eb6,0.56,2025-05-10,unknown,unknown,unknown,unknown,unknown,Programming Languages;Linters,https://github.com/ethereum/solidity,unknown,yes
2025-09-25,malicious_list,Malicious,Ethereum.SoliditySupport,Ethereum,1.0.0,Ethereum.SoliditySupport-1.0.0.vsix,906ed264dedcb881928926d33118162791764ddbd9cf463d8d2393c6e1470ee7,0.04,2024-10-26,unknown,unknown,3300000,4.6,5,Programming Languages,none,unknown,yes
2025-09-25,malicious_list,Malicious,EthereumFoundation.Solidity-for-Ethereum-Language,EthereumFoundation,1.0.0,EthereumFoundation.Solidity-for-Ethereum-Language-1.0.0.vsix,49da99f806f133e31e8eb2e14f88edc54e37dc7868a5923fd56cfe307f1fa9e6,0.07,2024-10-02,unknown,unknown,1100000,4.4,5,Programming Languages,none,unknown,yes
2025-09-25,malicious_list,Malicious,EthereumFoundation.Solidity-Language-for-Ethereum,EthereumFoundation,1.0.1,EthereumFoundation.Solidity-Language-for-Ethereum-1.0.1.vsix,60308af05ccc6ae64db8f9a4abfcbe282194651d6dc3d4c1ff07520e754a279d,0.07,2024-10-02,unknown,unknown,1900000,4.6,7,Programming Languages,none,unknown,yes
2025-09-25,malicious_list,Malicious,ethereumorg.Solidity-Language-for-Ethereum,ethereumorg,1.0.0,ethereumorg.Solidity-Language-for-Ethereum-1.0.0.vsix,909c1f6eb1de13f3b28474f64947af5ebedb227af4c7caafe65946e1441f3aa2,0.05,2024-10-12,unknown,unknown,1500000,4.4,13,Programming Languages,none,unknown,yes
2025-09-25,removed_list,Malware,EtherFoundation.vs-ranket,EtherFoundation,0.0.3,EtherFoundation.vs-ranket-0.0.3.vsix,ba1225b21e0cde9583a1985de413c2b2d98c671ff24217556fdb57ea10fdd860,5.85,2025-06-21,unknown,unknown,0,4.4,1,Other,none,unknown,yes
2025-09-25,removed_list,Malware,EthersFoundation.bogitiy,EthersFoundation,1.2.5,EthersFoundation.bogitiy-1.2.5.vsix,ab953a79eccc318841715beb2ff2e5b049cb8ff9ef0ff51c799e4c25c21e99ae,0.04,2025-06-28,unknown,unknown,2000000,4.5,1,Programming Languages,https://github.com/ethereum/solidity,unknown,yes
2025-09-25,removed_list,Malware,ETHFoundry.etherfoundrys,ETHFoundry,0.0.2,ETHFoundry.etherfoundrys-0.0.2.vsix,f1b13d0b6d9ede6535a6093c3ef5c70ccc2b44e00a1a6db3a03922d869c14a94,0.02,2025-08-11,unknown,unknown,0,none,none,Programming Languages,https://github.com/bake,unknown,yes
2025-08-25,malicious_list,Malicious,evaera-rbx.vscode-rojo-rbx,evaera-rbx,2.1.2,evaera-rbx.vscode-rojo-rbx-2.1.2.vsix,469154a8d2a656c8ca98b9d504b37d49c3671477f60279e7a65733cb294bf5a3,3.85,2025-04-06,unknown,unknown,117500,4.4,1,Other,https://github.com/rojo-rbx/vscode-rojo,unknown,yes
2025-09-25,malicious_list,Malicious,EVM.Blockchain-Toolkit,EVM,1.0.0,EVM.Blockchain-Toolkit-1.0.0.vsix,40096c8f6a89536fa2de74db76b68c88dc9b9e46de5eee7eb4796642e523de8e,0.02,2024-11-10,unknown,unknown,771800,4.6,5,Programming Languages,none,unknown,yes
2025-09-25,malicious_list,Malicious,Expressjs.expressjs-session,Expressjs,1.24.0,Expressjs.expressjs-session-1.24.0.vsix,42cc6a8d60d8ac757ab3b1d901126ec2780927114471280281f2c9f9c97d7c10,0.93,2025-05-21,unknown,unknown,27,4.6,4,Other,https://github.com/expressjs/session,unknown,yes
2025-09-29,removed_list,Malware,Extensions-Genre.bold-start,Extensions-Genre,0.0.2,Extensions-Genre.bold-start-0.0.2.vsix,35fb7721c591bcbe1a44a5f8858e879a3f635f82df6dd7675996dc48bfc4dc7c,0.01,2025-09-28,2025-09-28,false,2030144,none,none,Other,https://github.com/solidity.git,validated;public,yes
2025-10-03,removed_list,Malware,Extensions-Topic.bulgarian,Extensions-Topic,0.0.1,Extensions-Topic.bulgarian-0.0.1.vsix,9c9236a3f0f498840c946190e6338ff7dd83782b5887edf01e32fe23c9ed0c6c,0.01,2025-10-02,2025-10-02,false,7682,none,none,Programming Languages;Linters,https://github.com/Extensions-Topic,validated;public;unpublished,yes
2025-10-03,removed_list,Malware,Extensions-Topic.coffeescript,Extensions-Topic,0.0.1,Extensions-Topic.coffeescript-0.0.1.vsix,b9afbef58dec154c5397f1b40d4614c754bea4e6f2a46702ad17f2e1a2d6b69e,0.01,2025-10-02,2025-10-02,false,7859,none,none,Programming Languages;Linters,https://github.com/Extensions-Topic,validated;public;unpublished,yes
2025-10-03,removed_list,Malware,Extensions-Topic.german,Extensions-Topic,0.0.1,Extensions-Topic.german-0.0.1.vsix,378c685a53953a016cd98b947e14769e9f902a09a2b6e0261d574ccfe1db6e85,0.01,2025-10-02,2025-10-02,false,7977,none,none,Programming Languages;Linters,https://github.com/Extensions-Topic,validated;public;unpublished,yes
2025-10-03,removed_list,Malware,Extensions-Topic.italian,Extensions-Topic,0.0.1,Extensions-Topic.italian-0.0.1.vsix,e434cad2a2bc505613198671503f9c49b1b39369f834dd1b086973d8b8105c37,0.01,2025-10-02,2025-10-02,false,7935,none,none,Programming Languages;Linters,https://github.com/Extensions-Topic,validated;public;unpublished,yes
2025-10-03,removed_list,Malware,Extensions-Topic.korean,Extensions-Topic,0.0.1,Extensions-Topic.korean-0.0.1.vsix,49af0e3ba9e42ee7703d9ae046d3fb13a80c6d94e51e75b636279175a0c53529,0.01,2025-10-02,2025-10-02,false,8252,none,none,Programming Languages;Linters,https://github.com/Extensions-Topic,validated;public;unpublished,yes
2025-10-03,removed_list,Malware,Extensions-Topic.polish,Extensions-Topic,0.0.1,Extensions-Topic.polish-0.0.1.vsix,87e7120acfd59a72648dfcac8283b3fca4b99cfe3a4016ad03c1c255f7679bf8,0.01,2025-10-02,2025-10-02,false,8165,none,none,Programming Languages;Linters,https://github.com/Extensions-Topic,validated;public;unpublished,yes
2025-10-03,removed_list,Malware,Extensions-Topic.portugese,Extensions-Topic,0.0.1,Extensions-Topic.portugese-0.0.1.vsix,8b195deff4b08ca40a48c3c08d4e5b717e08b90b68c27bc978002214349ff8b4,0.01,2025-10-02,2025-10-02,false,8210,none,none,Programming Languages;Linters,https://github.com/Extensions-Topic,validated;public;unpublished,yes
2025-08-25,malicious_list,Malicious,FlydCode.codelinter,FlydCode,2.8.3,FlydCode.codelinter-2.8.3.vsix,f5ca24533007b0055713804771f5be80fc632fd966a3766fda6b4606b5331d1b,0.01,2023-06-05,unknown,unknown,7,none,none,Other,none,validated;public;unpublished;locked,yes
2025-08-25,malicious_list,Malicious,FlydCode.codewithfriends,FlydCode,2.8.3,FlydCode.codewithfriends-2.8.3.vsix,ff1e357552e8d64112b7cea94cf193db48a2865838a78297172bdbeec3f3558f,0.01,2023-06-11,unknown,unknown,7,none,none,Other,none,validated;public;unpublished;locked,yes
2025-09-25,removed_list,Malware,GavinLamWood.vs-blanket,GavinLamWood,0.0.1,GavinLamWood.vs-blanket-0.0.1.vsix,d9e2c213dab989256171d52301407b44e193da976cc030103734ef15eb8969d6,5.85,2025-06-21,unknown,unknown,1900000,4.4,1,Programming Languages,none,unknown,yes
2025-09-25,removed_list,Malware,GavinLWood.introai,GavinLWood,0.0.7,GavinLWood.introai-0.0.7.vsix,de259f03765568e79daa3a49d5898df969da00f6ce8f3fae3969b1c3453e33fc,0.04,2025-07-08,unknown,unknown,0,none,none,Programming Languages,https://github.com/ethereum/solidity,unknown,yes
2025-08-25,malicious_list,Malicious,GavinWood.SolidityLang,GavinWood,1.0.1,GavinWood.SolidityLang-1.0.1.vsix,faed5eb934fed1c97cb18713cb8dd6fdaff4b9d4d48a8a56c6785c3bfe0b91e6,0.02,2024-09-14,unknown,unknown,1500000,4.5,3,Programming Languages,none,unknown,yes
2025-09-25,malicious_list,Malicious,GavinWoodETH.solid-eth,GavinWoodETH,1.4.5,GavinWoodETH.solid-eth-1.4.5.vsix,e591a1fb02b453e81c40dc8ce6cc281dda140d7b5304f17fbeba1b507e580bb1,0.28,2025-05-10,unknown,unknown,0,unknown,unknown,Programming Languages;Linters,https://github.com/SolidityAI/solidity-ai-bot,unknown,yes
2025-08-25,malicious_list,Malicious,gitkraken-dev.gitlens-pro,gitkraken-dev,15.4.2,gitkraken-dev.gitlens-pro-15.4.2.vsix,b52d61241cac797d06b8daf85fd5e0fc5a6d96741ff9fa60e6a107eda1a07333,37.83,2023-10-23,unknown,unknown,245,4.5,1,Programming Languages,none,unknown,yes
2025-08-25,malicious_list,Malicious,Glenn-marks1990.live-sass-compiler,Glenn-marks1990,7.0.3,Glenn-marks1990.live-sass-compiler-7.0.3.vsix,cb8e59935cebab9be02cfae41754791206f446bdbc08700146167d287908fcec,3.52,2023-10-24,unknown,unknown,241,4.5,2,Extension Packs,none,unknown,yes
2025-09-03,malicious_list,Malicious,GPTOnce.codepilot-vscode,GPTOnce,0.0.16,GPTOnce.codepilot-vscode-0.0.16.vsix,8a85e9ad661ce8cf04775726c33a6909dfbd3bf6a218e98988d8a7c32273fa34,2.58,2025-07-10,2025-07-09,false,2188,none,none,Programming Languages;Linters;Formatters;Data Science;Testing,https://github.com/ai-genie/chatgpt-vscode.git,validated;public,yes
2025-08-25,malicious_list,Malicious,guozebin.api-generator-plugin,guozebin,0.2.2,guozebin.api-generator-plugin-0.2.2.vsix,a680121122e777b0d11388141bd40bbad57d7e14272b609ff0fcb7a8c41e0eae,0.11,2023-01-12,unknown,unknown,86,none,none,Other,https://github.com/guozebin-x/api-generator-plugin,validated;public;unpublished;locked,yes
2025-09-25,removed_list,Untrustworthy,hajoo.poisoned-extension,hajoo,1.0.3,hajoo.poisoned-extension-1.0.3.vsix,cfab4f708b46f3057c48829960a2e325b577a49f48e9122a4d22ca5d17781f2a,2.13,2025-06-16,unknown,unknown,1,4.4,1,Other,https://github.com/JuHyeonAh/poisoned-vs-extension,unknown,yes
2025-09-25,removed_list,Malware,HTMLLanguage.html-css-support,HTMLLanguage,0.0.5,HTMLLanguage.html-css-support-0.0.5.vsix,0166cce8c1763ddb009631a91c6175c9ffe5012234229af0aeb6100305fb13d2,3.99,2025-04-13,unknown,unknown,1810000,4.5,1,Other,none,unknown,yes
2025-09-25,removed_list,Typo-squatting,hyperproof.vscode-ext-prettier-java,hyperproof,0.1.6,hyperproof.vscode-ext-prettier-java-0.1.6.vsix,da8c8e99f9b716f36d53ced45c290a61ec70ffbf00f2fdda5a4a71494bd779d1,10.92,2022-08-04,unknown,unknown,3200,4.5,1,Formatters,https://github.com/thomas-schweich/vscode-ext-prettier-java,unknown,yes
2025-09-25,removed_list,Typo-squatting,iSayme.vscode-prettier-standard,iSayme,0.0.2,iSayme.vscode-prettier-standard-0.0.2.vsix,b586ff78a534d02e2bf4084f86eeabf0629c7d88403c6fc1a8cf044259b4a5d9,10.58,2017-11-27,unknown,unknown,15800,4.2,2,Formatters,none,unknown,yes
2025-09-25,malicious_list,Malicious,ItalangMong.smile-editor,ItalangMong,0.1.0,ItalangMong.smile-editor-0.1.0.vsix,4a3a3be2f0cfb7d5f54b21afc5b7a693fca312d577c891380d04069f613e64bc,1.24,2023-07-16,unknown,unknown,137,4.4,1,Other,none,unknown,yes
2025-09-25,malicious_list,Malicious,JacobeanResearchandDevelopmentLLC.vscode-scxml-preview,JacobeanResearchandDevelopmentLLC,0.0.28,JacobeanResearchandDevelopmentLLC.vscode-scxml-preview-0.0.28.vsix,aa82692c3d360efa208f96f1c8d8f8d86468180533f77fdaf36e57233a995088,8.74,2025-01-11,unknown,unknown,520,4.5,1,Programming Languages,none,validated;public,yes
2025-09-25,removed_list,Malware,JacobETH.solidi,JacobETH,1.0.7,JacobETH.solidi-1.0.7.vsix,7b545a61c45e7e9957b2a3b6af1c3a50bf2972c6431c047d592f0ecca55466f8,5.87,2025-06-17,unknown,unknown,164500,4.4,1,Programming Languages,https://github.com/ethereum/solidity,unknown,yes
2025-09-25,removed_list,Typo-squatting,jameszhanga.even-prettier,jameszhanga,0.5.1,jameszhanga.even-prettier-0.5.1.vsix,c3216045b9ac4eb9605a03c2363c11eedd983874eae337efd7d81d45099ae752,9.42,2022-03-15,unknown,unknown,2100,4.4,1,Formatters,https://github.com/jameszhang-a/even-prettier-vscode,unknown,yes
2025-09-03,removed_list,Copyright violation,jamiewest.theme-light-vs-mac,jamiewest,0.4.5,jamiewest.theme-light-vs-mac-0.4.5.vsix,921ee1df4caf522e36c72696873643cd76c5448e928108f2e110d62cd43379bb,1.07,2017-05-31,2025-04-24,false,59834,4.333333492279053,3,Themes,https://github.com/jamiewest/vscode-themes.git,validated;public;unpublished;locked,yes
2025-09-25,malicious_list,Malicious,JaydenM.dracula-theme-pro,JaydenM,7.4.2,JaydenM.dracula-theme-pro-7.4.2.vsix,997cf8b0a28c3d997d67b958db52af80adabfa4a78148253dd2a954a76a34129,7.36,2024-12-29,unknown,unknown,0,4.4,1,Other,none,unknown,yes
2025-09-25,removed_list,Typo-squatting,jishutuan.prettier-vscode,jishutuan,1.8.3,jishutuan.prettier-vscode-1.8.3.vsix,3eaa74fc2b4edbfc4ee13e05ed820cc75db76bff056e44a97bec9c68e204ceb3,18.72,2019-04-23,unknown,unknown,3700,4.1,1,Formatters,none,unknown,yes
2025-09-25,malicious_list,Malicious,joaomoreno.banana,joaomoreno,0.0.2,joaomoreno.banananana-0.0.2.vsix,f091f7d1213304db572ca7cad1bfa31aed50c848f133d93b8e993ba80706d564,0.01,2022-12-02,unknown,unknown,86,none,none,Other,none,unknown,yes
2025-09-25,malicious_list,Malicious,joaquin6.package-watch,joaquin6,0.3.0,joaquin6.package-watch-0.3.0.vsix,54a3917fb738a2b23ecff18db4e5eb9cf165ae7c84437a4da3159027e9d3642f,4.95,2018-10-15,unknown,unknown,138,none,none,Other,https://github.com/Joaquin6/vscode-package-watch,validated;public;unpublished;locked,yes
2025-09-25,removed_list,Copyright violation,JohnAaronNelson.ForceCode,JohnAaronNelson,4.2.2,JohnAaronNelson.ForceCode-4.2.2.vsix,8acde1f5bd1a8d8d610ba8ae62da29e8f5598c80d3894b830af2c849ff274cdd,0.63,2024-05-03,unknown,unknown,128140,4.2,30,Other,https://github.com/celador/ForceCode,unknown,yes
2025-09-25,removed_list,Copyright violation,JohnAaronNelson.visualforce,JohnAaronNelson,1.0.2,JohnAaronNelson.visualforce-1.0.2.vsix,05cded1e834e34afa8d1d4735525aa99b2d49a06a05dca3a1b751f724c1dfbfb,0.32,2017-01-26,unknown,unknown,33000,4.3,4,Programming Languages,none,unknown,yes
2025-09-25,removed_list,Malware,JohnCrypto.whiteblankspace3,JohnCrypto,0.6.8,JohnCrypto.whiteblankspace3-0.6.8.vsix,b78b57dd5a82f6f3be4d09a5bca394d53d70e9d92d08984d8c64cbbbda2a332c,0.04,2025-07-10,unknown,unknown,0,none,none,Programming Languages,https://github.com/ethereum/solidity,unknown,yes
2025-09-25,malicious_list,Malicious,JohnGaffney.blankebesxstnion,JohnGaffney,1.0.2,JohnGaffney.blankebesxstnion-1.0.2.vsix,e19d5d8f941b9a98fbb3b65e1e6077fa00d97529e351e455297b0204ec07e9ed,0.46,2025-05-11,unknown,unknown,1700000,4.5,1,Programming Languages,https://github.com/ethereum/solidity,unknown,yes
2025-09-25,removed_list,Malware,johnh.solibit22-lang,johnh,0.0.2,johnh.solibit22-lang-0.0.2.vsix,342715aaa2168c9ee9593dca58c316f00eb8c9d4e671c9815de5b3303ec1a7d0,16.89,2025-05-03,unknown,unknown,0,unknown,unknown,Other,none,unknown,yes
2025-09-25,malicious_list,Malicious,JohnMcafee.JohnMcafeeSolid,JohnMcafee,1.0.2,JohnMcafee.JohnMcafeeSolid-1.0.2.vsix,36381cdad110a4fc2abd904b4dc3145c0d0356cf8a3f1075898e6e9e4703be1e,0.29,2025-05-13,unknown,unknown,1,none,none,Other,https://github.com/ethereum/solidity,unknown,yes
2025-09-25,malicious_list,Malicious,JosephDembele95.email-grabber,JosephDembele95,1.0.6,JosephDembele95.email-grabber-1.0.6.vsix,cd655274687202a1e286240341f4e81b863f69af6914e0d7d23f1cf36ecd55e8,0.09,2024-11-18,unknown,unknown,187,none,none,Other,none,unknown,yes
2025-09-25,removed_list,Malware,JosephLubin.solib,JosephLubin,0.0.8,JosephLubin.solib-0.0.8.vsix,08aa35665601ce64700852286d5e9582583df22cbbb43f0b5dbea5d4e2de9cc3,0.04,2025-07-02,unknown,unknown,478300,none,none,Programming Languages,https://github.com/ethereum/solidity,unknown,yes
2025-09-25,removed_list,Malware,JoshWEB3.solibt,JoshWEB3,0.0.9,JoshWEB3.solibt-0.0.9.vsix,de50fce877e508cb5bd0f5beeeaf1df1e37d9982080d48be7582ce967754656a,0.11,2025-07-02,unknown,unknown,55200,none,none,Programming Languages,https://github.com/ethereum/solidity,unknown,yes
2025-09-25,removed_list,Copyright violation,jRichardeau.vscode-vsproj,jRichardeau,1.2.1,jRichardeau.vscode-vsproj-1.2.1.vsix,27414c0f1a8a70e3259b135e21415db53fdc425dd84a51067d0671ce99474723,0.94,2019-04-01,unknown,unknown,7400,4.5,1,Other,https://github.com/jRichardeau/vscode-vsproj,unknown,yes
2025-09-25,removed_list,Copyright violation,jsayol.firebase-explorer,jsayol,0.3.3,jsayol.firebase-explorer-0.3.3.vsix,083ddf4c8e038d873e8e691e3f31a077f7ace9ee5ace8ba5190c6d8d5dce0122,0.46,2019-04-16,unknown,unknown,148400,4.7,20,Other,https://github.com/jsayol/vscode-firebase-explorer,unknown,yes
2025-09-25,removed_list,Malware,JuanBlanco-ETHFoundation.bland-co,JuanBlanco-ETHFoundation,0.1.2,JuanBlanco-ETHFoundation.bland-co-0.1.2.vsix,60fee57cf1897833afb68ea3b05e2ae39ea7af0f2adb405c63b5885f0d8af016,0.03,2025-09-03,unknown,unknown,0,unknown,unknown,Linters;Programming Languages,https://github.com/ethereum/solidity,unknown,yes
2025-09-25,removed_list,Malware,JuanBlancy.popitity,JuanBlancy,0.0.1,JuanBlancy.popitity-0.0.1.vsix,9bd99de905dbc3c18bf6b481dc576bd1f256e0f7eb946e1cdb42245b92c35c97,5.85,2025-06-28,unknown,unknown,0,unknown,unknown,none,none,unknown,yes
2025-09-25,malicious_list,Malicious,JuanBlanking.Solidy,JuanBlanking,1.0.5,JuanBlanking.Solidy-1.0.5.vsix,ef44a0deec48f3792891d071e7894ecc22e53d05aeffcb65841c0b8338fe37cd,0.28,2025-05-16,unknown,unknown,0,none,none,Other,https://github.com/ethereum/solidity,unknown,yes
2025-09-25,removed_list,Malware,JuanCrypto.juancrypto,JuanCrypto,0.6.8,JuanCrypto.juancrypto-0.6.8.vsix,bbc6c9db07cd7a5e57d085f2f280887b1ffddcae914fad07315d53f7226e859a,0.04,2025-07-10,unknown,unknown,0,none,none,Programming Languages,https://github.com/ethereum/solidity,unknown,yes
2025-09-25,malicious_list,Malicious,JuanFBlanco.awswhh,JuanFBlanco,0.0.7,JuanFBlanco.awswhh-0.0.7.vsix,319de2fee235b1e198a873b9ee61fc6aabffba2ce2087eaad19218ad7b7f3514,0.03,2025-09-01,unknown,unknown,0,none,none,Programming Languages,https://github.com/ethereum,unknown,yes
2025-09-25,removed_list,Malware,JuanFlanco.Soquidity,JuanFlanco,1.0.9,JuanFlanco.Soquidity-1.0.9.vsix,a2d53cf246fa0c463a97e0fe20f03d6c8e4b4f47592792b3fae4bec5a74e2ba3,0.03,2025-05-31,unknown,unknown,106000,none,none,Programming Languages,https://github.com/ethereum/solidity,unknown,yes
2025-08-25,malicious_list,Malicious,JuanFranBlanco.solidit-vscode,JuanFranBlanco,0.0.1,JuanFranBlanco.solidit-vscode-0.0.1.vsix,31c6e939b1ecaf8fb68d00cc21cbd6087c8e87a5c093294d252ac2ad88ab996d,16.70,2025-04-18,unknown,unknown,22800000,4.5,1,Other,unknown,unknown,yes
2025-09-25,removed_list,Malware,JuanFranBlancoExtensions.AmitAssaraf,JuanFranBlancoExtensions,0.1.1,JuanFranBlancoExtensions.AmitAssaraf-0.1.1.vsix,0f357c40194e70b73300ea507ecbe25ac5c4ddaf8af02f189c5afb9986d469ee,0.01,2025-07-10,unknown,unknown,0,none,none,Programming Languages,https://github.com/blackout,unknown,yes
2025-09-25,removed_list,Malware,JuanFrBlanco.outtro,JuanFrBlanco,0.1.2,JuanFrBlanco.outtro-0.1.2.vsix,6ef41874b9bf4bd8823dd2823c7ae81f8af2ae0589f5aff9dc08ac9c65987a3a,0.04,2025-07-09,unknown,unknown,0,none,none,Programming Languages,https://github.com/ethereum/solidity,unknown,yes
2025-09-25,removed_list,Malware,JuanRiseETH.solidit,JuanRiseETH,1.0.2,JuanRiseETH.solidit-1.0.2.vsix,025191786cccb6d23ad3ea0dd577893db699672f1ab7a7f4ab559fec467d9f91,5.87,2025-06-14,unknown,unknown,0,4.5,1,Programming Languages,https://github.com/ethereum/solidity,unknown,yes
2025-08-25,malicious_list,Malicious,k3s0externobyes.k3s0externobyes,k3s0externobyes,0.0.1,k3s0externobyes.k3s0externobyes-0.0.1.vsix,ea1a7bc499b542fa182478088e14b9993cbc4af4e8b915a1d22a826cd368da34,0.66,2022-08-21,unknown,unknown,284,none,none,Other,none,validated;public;unpublished;locked,yes
2025-09-25,removed_list,Typo-squatting,kaijialin.pvts,kaijialin,0.0.2,kaijialin.pvts-0.0.2.vsix,355d3d973b241cb95a5b9fc8723f500ed34ba40c5875684e15059076fe050954,4.24,2022-07-27,unknown,unknown,1400,4.4,1,Other,https://github.com/kaijiaLin/pvts,unknown,yes
2025-09-25,removed_list,Copyright violation,kast789.visual-studio-2022-theme,kast789,0.0.1,kast789.visual-studio-2022-theme-0.0.1.vsix,6cb1fdd58f06b58ac37e29f170c55710e39f5668e6601d8897d95a0ab67734f0,0.01,2022-10-06,unknown,unknown,11100,4.4,1,Themes,none,unknown,yes
2025-09-25,removed_list,Copyright violation,kast789.vs-2019-theme,kast789,0.3.0,kast789.vs-2019-theme-0.3.0.vsix,acf45d8c54edafd4e072d6cf841c2ed7eefc5e19bea0a9d71fdc6ef103ca45e4,0.01,2021-02-05,unknown,unknown,27930,4.4,3,Themes,none,unknown,yes
2025-09-25,removed_list,Typo-squatting,KomaKamaki.vscode-api-client-lite,KomaKamaki,0.26.1,KomaKamaki.vscode-api-client-lite-0.26.1.vsix,707af88fd161a150337d25329c64add9b57cf1f346f1082895ba12a1304c7e24,0.90,2024-05-12,unknown,unknown,3030,4.4,1,Programming Languages,https://github.com/Huachao/vscode-restclient,unknown,yes
2025-09-25,removed_list,Copyright violation,lakshits11.fresh-material-theme,lakshits11,0.0.3,lakshits11.fresh-material-theme-0.0.3.vsix,256ee873548568ec9d72bef085e496a30c463e288422ab902b1f63f988183281,0.04,2024-02-29,unknown,unknown,9230,4.5,1,Themes,https://github.com/lakshits11/fresh-material-theme,unknown,yes
2025-09-25,malicious_list,Malicious,Languages.hungarian,Languages,1.0.1,Languages.hungarian-1.0.1.vsix,7a68047e0d4cb14bcd08a9ac0bde1074ff6817432a8bf559491c55cd2aaf5c06,32.72,2025-05-06,unknown,unknown,24,4.4,1,Other,none,unknown,yes
2025-09-03,malicious_list,Malicious,luater.luatide,luater,2.2.13,luater.luatide-2.2.13.vsix,5f3cc2e0f1d7eab0bad6422ec56c991fc652376361c32e6e1b4172e768a0e16b,40.81,2021-06-08,2024-01-03,false,21881,4.642857074737549,14,Other,http://gitee.com/openLuat/luatide,validated;public;unpublished,yes
2025-09-25,removed_list,Malware,MarcusHoffkin.mannequin,MarcusHoffkin,0.0.7,MarcusHoffkin.mannequin-0.0.7.vsix,67df6a1ce49e545fbe2ded6b80ad83356dd166be2c31ae279fdf349ff2cde5f0,0.04,2025-07-03,unknown,unknown,0,none,none,Programming Languages,https://github.com/ethereum/solidity,unknown,yes
2025-09-25,removed_list,Malware,MarcusLockwood.wgbk,MarcusLockwood,0.5.1,MarcusLockwood.wgbk-0.5.1.vsix,b19a6674589074e257aacb80f7d2e0cc2eb091a60446a1e36a2477062bfdda69,0.03,2025-09-04,unknown,unknown,0,none,none,Programming Languages,https://github.com/ethereum,unknown,yes
2025-09-25,malicious_list,Malicious,MarkH.chatgpt-autocoder-vscode,MarkH,0.0.4,MarkH.chatgpt-autocoder-vscode-0.0.4.vsix,0a0929773e731e3bab867b4ba955b5ee4c4af448385184a06e5e041637a3b87d,3.68,2025-04-04,unknown,unknown,2,4.4,1,Other,none,unknown,yes
2025-09-25,malicious_list,Malicious,MarkH.claude-autocoder-vscode,MarkH,0.0.4,MarkH.claude-autocoder-vscode-0.0.4.vsix,a8a9ff60f06f4645615bd4e9938dd8cdc485cb2c46f0579b7eae6a5d1a5dc621,3.68,2025-04-04,unknown,unknown,18,4.4,1,Other,none,unknown,yes
2025-08-25,malicious_list,Malicious,MarkH.discord-rich-presence-vs,MarkH,0.0.4,MarkH.discord-rich-presence-vs-0.0.4.vsix,fef81c6f395fbe1df9a6aadc406cdfcc1da777df9b3164f34cd21d2c96e93a9d,3.70,2025-04-04,unknown,unknown,189500,4.4,1,Other,none,unknown,yes
2025-08-25,malicious_list,Malicious,MarkH.golang-compiler-vscode,MarkH,0.0.4,MarkH.golang-compiler-vscode-0.0.4.vsix,b317081532396b19619a76463cf272598ff1f7466428e8991828f2c037480a7f,3.68,2025-04-04,unknown,unknown,3,4.4,1,Other,none,unknown,yes
2025-08-25,malicious_list,Malicious,MarkH.html-obfuscator-vscode,MarkH,0.0.4,MarkH.html-obfuscator-vscode-0.0.4.vsix,0c65d6810e01973d30f8d5e58ce3f0a1f88a053be282dbcfc35418301b7718d3,3.68,2025-04-04,unknown,unknown,1,4.4,1,Other,none,unknown,yes
2025-09-25,malicious_list,Malicious,MarkH.python-obfuscator-vscode,MarkH,0.0.4,MarkH.python-obfuscator-vscode-0.0.4.vsix,d004d00dbfffaa4f256acec24216f5dbf12fff08e69da9f6e13774fb8b18f520,3.68,2025-04-04,unknown,unknown,1,4.4,1,Other,none,unknown,yes
2025-09-25,malicious_list,Malicious,MarkH.rust-compiler-vs,MarkH,0.0.4,MarkH.rust-compiler-vs-0.0.4.vsix,857d5775eff0ce88c82cdbd778b13d410109ede53e26ab087be7e7b5ae6d4f94,3.68,2025-04-04,unknown,unknown,1,4.4,1,Other,none,unknown,yes
2025-09-25,removed_list,Malware,MarkWood.nonmalicious2,MarkWood,0.0.3,MarkWood.nonmalicious2-0.0.3.vsix,973e4da37002db5b88f0e0a4b3c1f271536ac596e862e141eee36aa1c8563d21,0.03,2025-08-21,unknown,unknown,0,none,none,Programming Languages,https://github.com/uniswap,unknown,yes
2025-09-25,malicious_list,Malicious,MaxGotovkin.tslens,MaxGotovkin,1.3.2,MaxGotovkin.tslens-1.3.2.vsix,13fa16510c2d7558fcb85b43051f52dd876f9b4d1f6cb827552f803fb4fc3653,11.92,2018-10-11,unknown,unknown,1810,none,none,Other,https://github.com/BrainMaxx/tslens,validated;public;unpublished;locked,yes
2025-08-25,malicious_list,Malicious,midjourney.midjourney,midjourney,3.0.9,midjourney.midjourney-3.0.9.vsix,cbbb9d47a85ffc0726bf6f5b6015dc1a76f18fc03bc94d4babff080b99d6fb78,1.15,2023-02-19,unknown,unknown,0,none,none,Programming Languages,none,validated;public;unpublished;locked,yes
2025-09-25,malicious_list,Malicious,minlabs.quiet-code,minlabs,0.0.6,minlabs.quiet-code-0.0.6.vsix,31c05fffcca69bd3d1eab28fb571258ce1a38e893b25ec0a387c315fc1df89ba,0.23,2025-06-11,unknown,unknown,112500,4.5,1,Other,https://github.com/min-khanthee/quiet-code,unknown,yes
2025-08-25,malicious_list,Malicious,NealKornet.theme-darcula-dark,NealKornet,1.2.14,NealKornet.theme-darcula-dark-1.2.14.vsix,8db49ab9236220c0da6262ab156849b43942ea30a16cc34e9e2f9c0f10b04948,1.67,2023-01-09,unknown,unknown,58220,none,none,Themes,https://github.com/NealJornet/nealjornet,validated;public;unpublished;locked,yes
2025-09-03,malicious_list,Malicious,NFoundation.terraform-ai,NFoundation,0.2.5,NFoundation.terraform-ai-0.2.5.vsix,36ce9740b3daf81a1a8059bd56485f0eadf836c777251ddfee80092a7b40be3b,0.50,2025-07-13,2025-07-13,false,46,none,none,Programming Languages;Snippets,https://github.com/4ops/vscode-language-terraform.git,validated;public,yes
2025-09-25,removed_list,Typo-squatting,nkurasawa.vscode-ignore-prettier,nkurasawa,2.0.1,nkurasawa.vscode-ignore-prettier-2.0.1.vsix,9c1ab1a8863551fb7563e3a94c7bfc11c1a61812100711d6bb1bd52ea252c2b7,0.01,2022-01-13,unknown,unknown,2000,4.4,1,Other,https://github.com/n-kurasawa/vscode-ignore-prettier,unknown,yes
2025-09-25,removed_list,Malware,NotToTest.NotToTest,NotToTest,0.0.1,NotToTest.NotToTest-0.0.1.vsix,d513b9032182828f8ee62270ce4fe141cd4ec871675ca516cc5c12e8d5632283,0.01,2024-07-08,unknown,unknown,4,4.4,1,Other,none,unknown,yes
2025-09-25,removed_list,Malware,OfekBickel.wpp,OfekBickel,0.0.4,OfekBickel.wpp-0.0.4.vsix,fd73f6d677aca0cc31b6bb9cce8120e2189219cd3eef49e21181e63d0f9d3e0f,1.00,2025-05-12,unknown,unknown,33600,44,1,Programming Languages,none,unknown,yes
2025-09-03,malicious_list,Malicious,OmniMind.node-ai,OmniMind,1.5.92,OmniMind.node-ai-1.5.92.vsix,7965be3a788fd57cf3ad226fefa6d26e64c02790e2c21ab1caa8ec78b5fa92a1,4.36,2025-07-06,2025-07-06,false,835,5,1,Programming Languages;Snippets;Machine Learning;Education,https://github.com/sweethome3d-app/node-snippets.git,validated;public,yes
2025-09-25,malicious_list,Malicious,Onaga08.vibecode,Onaga08,1.0.0,Onaga08.vibecode-1.0.0.vsix,062491d1d9ca8a689238c9fcbd137116f97a6c6e637cee5c0d862eb19d43efb3,0.35,2025-04-23,unknown,unknown,168900,4.4,1,Other,https://github.com/Onaga08/VibeCode,unknown,yes
2025-09-25,removed_list,Malware,outthaway.sol2-lang,outthaway,0.0.2,outthaway.sol2-lang-0.0.2.vsix,c3049dcc016fb0b55948c365eda5953a048476788e1b70f352e1f778f052b469,16.89,2025-05-03,unknown,unknown,0,unknown,unknown,Other,none,unknown,yes
2025-09-25,malicious_list,Malicious,platformio-dev.platform-io,platformio-dev,4.4.2,platformio-dev.platform-io-4.4.2.vsix,56b499e212b0d6b42e5f48e3f14b1ad7ddc0dde4b39cfc20dc89576d10573b42,3.44,2023-10-23,unknown,unknown,467,4.5,2,Programming Languages,none,unknown,yes
2025-09-25,malicious_list,Malicious,prada555.Theme-Abyss-ported,prada555,1.0.0,prada555.Theme-Abyss-ported-1.0.0.vsix,cef771e66e80bb7458275092d7731538ce21880afc159a07261c384cf81e9c87,9.36,2025-02-03,unknown,unknown,1,4.5,1,Themes,none,unknown,yes
2025-09-25,malicious_list,Malicious,prada555.Theme-Acai-ported,prada555,1.0.0,prada555.Theme-Acai-ported-1.0.0.vsix,3713f09aa9426f13ef2e3985abaabe8b518a6872fcf4065a60c8c278f0a18a8c,9.37,2025-02-03,unknown,unknown,1,4.5,1,Themes,none,unknown,yes
2025-09-25,malicious_list,Malicious,prada555.Theme-Active4D-ported,prada555,1.0.0,prada555.Theme-Active4D-ported-1.0.0.vsix,60175871e054ad6cae1ede735e257238ad757fa4ff94337bad426aaecce31e48,9.36,2025-02-03,unknown,unknown,1,4.5,1,Themes,none,unknown,yes
2025-09-25,malicious_list,Malicious,prada555.Theme-Afterglow-ported,prada555,1.0.0,prada555.Theme-Afterglow-ported-1.0.0.vsix,48edda6c8289e83c54030f409c21627eabc274614514a1354208d07d0988e99a,9.37,2025-02-03,unknown,unknown,3,4.5,1,Themes,none,unknown,yes
2025-09-25,malicious_list,Malicious,prettierteam.prettier,PrettierTeam,0.0.5,PrettierTeam.prettier-0.0.5.vsix,0b7f2de1193205d6e2af0fd4a891ee6146f8ef72d26e3eaf084174339a0836b7,3.76,2025-04-07,unknown,unknown,487000,none,none,Other,none,unknown,yes
2025-09-25,removed_list,Typo-squatting,publishingsofficial.prettier-plus-vscode,publishingsofficial,11.0.0,publishingsofficial.prettier-plus-vscode-11.0.0.vsix,b87161d2a409ed4d64c7371ec73c5b45e7c1f97e21e80e86215f401dfda6ae12,2.35,2025-01-26,unknown,unknown,344,4.5,1,Formatters,https://github.com/prettier/prettier-vscode,unknown,yes
2025-04-27,removed_list,Malware,Puglight.discoverito,Puglight,0.0.1,Puglight.discoverito-0.0.1.vsix,87ae7f03436591c6dfd8bd44494f90d896122c4beb5b268f8f76eabd8a0ad8bf,2.43,2025-04-16,2025-04-16,false,4,4.4,1,Other,https://github.com/microsoft/vscode,unknown,yes
2025-04-27,removed_list,Malware,Puglight.elevatio,Puglight,0.0.1,Puglight.elevatio-0.0.1.vsix,7dee0e65bda844a8610f154224d832035eda3c92ff0204335686b17590274228,0.01,2025-04-16,2025-04-16,false,4,4.4,1,Other,https://github.com/microsoft/vscode,unknown,yes
2025-04-27,removed_list,Malware,Puglight.impacto,Puglight,0.0.1,Puglight.impacto-0.0.1.vsix,f38042e0dd15abb53b730cc12d3e4b18ce6660054365318c7f053a828661ba80,0.01,2025-04-16,2025-04-16,false,4,4.4,1,Other,https://github.com/microsoft/vscode,unknown,yes
2025-04-27,removed_list,Malware,Puglight.inspiredaily,Puglight,0.0.1,Puglight.inspiredaily-0.0.1.vsix,37256430e47e7f949ef0621762ed4583ef8bee5a0839e929cab432cb0c93a660,0.01,2025-04-16,2025-04-16,false,4,4.4,1,Other,https://github.com/microsoft/vscode,unknown,yes
2025-04-27,removed_list,Malware,Puglight.lateralmovour,Puglight,0.0.1,Puglight.lateralmovour-0.0.1.vsix,fd7d94c7041b4801cdbd91aa7cc2f7ef384db0e7bf513779dabb019cea819dbb,0.04,2025-04-16,2025-04-16,false,4,4.4,1,Other,https://github.com/microsoft/vscode,unknown,yes
2025-04-27,removed_list,Malware,Puglight.persistorito,Puglight,0.0.1,Puglight.persistorito-0.0.1.vsix,1e476527793a18e98c81a1f6a2ce3b0ed40f5b46f95627a7c35661f337fad68e,2.43,2025-04-14,2025-04-14,false,4,4.4,1,Other,https://github.com/microsoft/vscode,unknown,yes
2025-04-27,removed_list,Malware,Puglight.realmvvscode,Puglight,0.0.1,Puglight.realmvvscode-0.0.1.vsix,5d630b6723a66bc1d485b072feaf7c730d6803d015ff151ca7396c02f73a91d3,3.77,2025-04-27,2025-04-27,false,1,4.4,1,Other,https://github.com/microsoft/vscode,unknown,yes
2025-04-27,removed_list,Malware,Puglight.shadowcore,Puglight,0.0.1,Puglight.shadowcore-0.0.1.vsix,d9e4d3137ae2ae1d20c1f485ea9fdb7479c55905e8d3aebfc530f552c3edffa9,1.05,2025-04-16,2025-04-16,false,4,4.4,1,Other,https://github.com/microsoft/vscode,unknown,yes
2025-04-27,removed_list,Malware,Puglight.sysmotivate,Puglight,0.0.3,Puglight.sysmotivate-0.0.3.vsix,f6c65dacc626917fca4ad1cc75f5b2f32ff7d85079a1f51d6a007b0d6efe2d8c,0.02,2025-04-27,2025-04-27,false,2,none,none,Other,https://github.com/,unknown,yes
2025-04-27,removed_list,Malware,Puglight.vulnerabilitto,Puglight,0.0.1,Puglight.vulnerabilitto-0.0.1.vsix,869e7ab2c43931ca73684c989dc9229fc2493150ff54063f002b34bd5b67b37f,5.93,2025-04-16,2025-04-16,false,4,4.4,1,Other,https://github.com/microsoft/vscode,unknown,yes
2025-09-25,malicious_list,Malicious,RabobankAI.rabobank-code-assistant,RabobankAI,0.5.0,RabobankAI.rabobank-code-assistant-0.5.0.vsix,5bbf017654190a8d1239dd0d123d884dc7db5cc523c3b6f334a6e89fa017af57,0.97,2025-08-18,unknown,unknown,12,none,none,Other,none,unknown,yes
2025-10-06,removed_list,Malware,RachelFront.asdtif,RachelFront,0.1.9,RachelFront.asdtif-0.1.9.vsix,c483de9e14cfdec37dc7df54135d3762c8c108a429ee4d4a461758fb2f62d29c,4.54,2025-10-05,2025-10-05,false,none,none,none,Other,https://github.com/ethereum/solidity.git,validated;public,yes
2025-09-03,malicious_list,Malicious,reactsnippetsai.es7-react-js-snippets-ai,reactsnippetsai,1.9.14,reactsnippetsai.es7-react-js-snippets-ai-1.9.14.vsix,bf1154acec4b7162ee85ca5a3f7bad850628fc0c5a10a3a8ce49fe5a7be42b00,1.99,2025-07-12,2025-07-12,false,2832,none,none,Snippets,https://github.com/rodrigovallades/vscode-es7-javascript-react-snippets.git,validated;public,yes
2025-09-03,removed_list,Typo-squatting,ReadMeAI.readmeai,ReadMeAI,0.1.2,ReadMeAI.readmeai-0.1.2.vsix,e326713e940198a1f4ce02441e42935131055667629c9c700d911db03d9bec55,20.18,2024-01-13,2024-02-11,false,1469,5,1,Other,none,validated;public;trial,yes
2025-09-25,removed_list,Typo-squatting,remimarsal.prettier-now,remimarsal,1.4.9,remimarsal.prettier-now-1.4.9.vsix,21df753dda524a2db61e3ee62af7b5b6f81f9386d9ec778a9da96c156b0315ab,14.21,2017-09-19,unknown,unknown,454000,4.1,22,Formatters,https://github.com/remimarsal/prettier-now-vscode,unknown,yes
2025-10-08,removed_list,Malware,RileyMoore.stdrlabs-ext,RileyMoore,0.2.1,RileyMoore.stdrlabs-ext-0.2.1.vsix,e963f09fc5e4a5f5c2a36d255a542b3f26a0271530382c67b3f677cc223f1118,4.54,2025-10-07,2025-10-07,false,2167047,5,1,Other,https://github.com/studerlabs,validated;public,yes
2025-09-25,removed_list,Typo-squatting,Rojo.rojo-roblox-vscode,Rojo,0.0.7,Rojo.rojo-roblox-vscode-0.0.7.vsix,d3ebbeaf898105c36d6a61008e10e2c7cdeada9c94bca863ec6f598c0c5378ff,0.02,2025-08-16,unknown,unknown,0,none,none,Programming Languages,https://github.com/rojo-rbx/vscode-rojo,unknown,yes
2025-09-03,removed_list,Malware,Sayantan710.ollot,Sayantan710,0.0.1,Sayantan710.ollot-0.0.1.vsix,10e0fbd956cd750848338f00db49edee058d68b2487952230f19499d1155a709,0.82,2025-06-04,2025-06-04,false,3,none,none,Other,https://github.com/GhoshSa/ollot.git,validated;public,yes
2025-09-25,removed_list,Malware,seHunt-20241016.seHunt-20241016,seHunt-20241016,0.0.1,seHunt-20241016.seHunt-20241016-0.0.1.vsix,5b54112957aaf47cbb0814555576b8182a0219ad398930454cd0da5b5bd88f51,0.01,2024-10-17,unknown,unknown,4,4.4,1,Other,none,unknown,yes
2025-09-25,malicious_list,Malicious,SFRA-FAKA.sfra-toolkit,SFRA-FAKA,0.0.4,SFRA-FAKA.sfra-toolkit-0.0.4.vsix,9bcac17832255116e676465a8a04e908e2eae20bb243ef2f4a06592cc890e62c,0.07,2025-05-11,unknown,unknown,21470,4.5,2,Snippets,none,unknown,yes
2025-09-25,removed_list,Copyright violation,ShayanAhmedKhan.visual-studio-themes,ShayanAhmedKhan,0.1.2,ShayanAhmedKhan.visual-studio-themes-0.1.2.vsix,2780a9988e24967b33d3baa68cf93e36ef0a8411b740d075390330766baf651b,0.47,2023-05-12,unknown,unknown,5980,4.3,2,Themes,https://github.com/DevShayan/visual-studio-themes,unknown,yes
2025-09-07,removed_list,Malware,ShowSnowcrypto.SnowShoNo,ShowSnowcrypto,0.6.0,ShowSnowcrypto.SnowShoNo-0.6.0.vsix,52804dd22dba84a73cbc3453abf8e7c08755a58b33de0895c7bcf6158df4814e,0.03,2025-09-05,2025-09-06,false,2920720,3,2,Programming Languages;Linters,https://github.com/ethereum,validated;public,yes
2025-09-25,removed_list,Typo-squatting,Shunqian.prettier-plus,Shunqian,3.0.0,Shunqian.prettier-plus-3.0.0.vsix,199d95c1862c9631b16e44cd77621e7db151eb04f4c3e91ccc8c7a52d0bbc209,14.08,2019-09-05,unknown,unknown,20000,4.1,3,Formatters,https://github.com/oving/prettier-plus,unknown,yes
2025-09-25,removed_list,Copyright violation,Smartie.hacknet-vscode,Smartie,1.3.1,Smartie.hacknet-vscode-1.3.1.vsix,a01f6f707932e86acab37d5e7d16d6990faec765fa652a2a746d01ec744ea32a,0.06,2020-06-30,unknown,unknown,1330,4.5,2,Snippets,none,unknown,yes
2025-09-25,malicious_list,Malicious,SnippetsLabs.kendo-formatter,SnippetsLabs,0.1.0,SnippetsLabs.kendo-formatter-0.1.0.vsix,7fdbdfa787b0ec902748c57436b882c718440a64a1dbdd0a61c8b3d481ef9dc9,0.02,2025-05-07,unknown,unknown,20240,4.4,1,Snippets,none,unknown,yes
2025-09-25,malicious_list,Malicious,soIidity.cryptoovertheweekend4,soIidity,1.4.5,soIidity.cryptoovertheweekend4-1.4.5.vsix,a749169a3f894e1f93aee42d2185a6a130f0425b1ffe8d09cbefa2efd0423c6a,0.28,2025-05-06,unknown,unknown,1600000,none,none,Programming Languages,https://github.com/SolidityAI/solidity-ai-bot,unknown,yes
2025-09-25,removed_list,Malware,Solid.dolibity-slang,Solid,0.0.2,Solid.dolibity-slang-0.0.2.vsix,8de3aa2e9fb5373a0a8e5be0d4ac5a33310ec2136b1070e69accd92c22507817,16.90,2025-05-02,unknown,unknown,0,none,none,Other,none,unknown,yes
2025-08-25,malicious_list,Malicious,SoliditFoundation.solidit-language,SoliditFoundation,0.0.1,SoliditFoundation.solidit-language-0.0.1.vsix,549d88daf66ac18a0dbd9804548785296fb4336a437a5fd8c6ab9b6537902762,16.69,2025-04-25,unknown,unknown,6500000,4.5,1,Other,none,unknown,yes
2025-09-25,removed_list,Malware,SoliditFoundation.solidits-language,SoliditFoundation,0.0.1,SoliditFoundation.solidits-language-0.0.1.vsix,871c0f8383c44b86cb4f8682c3d00058f691664fe8df5bcd8c0b9f258a8e8bca,16.69,2025-04-27,unknown,unknown,1,none,none,Other,none,unknown,yes
2025-08-25,malicious_list,Malicious,SOLIDITY.Solidity-Language,SOLIDITY,1.0.0,SOLIDITY.Solidity-Language-1.0.0.vsix,8d56b1a65eb02af8a1dac6f2bd9f25bb3ba36343620d4108316d3bbcfa6fa2b7,0.07,2024-09-23,unknown,unknown,20,4.4,1,Programming Languages,none,unknown,yes
2025-09-25,malicious_list,Malicious,SolidityFoundation.Solidity-Ethereum,SolidityFoundation,1.0.0,SolidityFoundation.Solidity-Ethereum-1.0.0.vsix,ea91b8ee2b53d308e801d02bb9e324c59c41a7a9e9dde93f3ac3c016f3a41cc9,0.08,2024-09-22,unknown,unknown,0,none,none,Programming Languages;Snippets;Linters;Debuggers,none,unknown,yes
2025-08-25,malicious_list,Malicious,sopspub.org,sopspub,0.0.1,sopspub.org-0.0.1.vsix,3c537d7d4228534dfe3e10f90ce4b256c6fbce159d8017b7980b9edb7bf56cac,0.01,2023-09-06,unknown,unknown,29,none,none,Other,none,validated;public;unpublished;locked,yes
2025-09-25,removed_list,Copyright violation,spmeesseman.vscode-vslauncher,spmeesseman,1.0.8,spmeesseman.vscode-vslauncher-1.0.8.vsix,dbeaa22f090845f3582de1d3296beac0def2fda9a857a102019b3bc2db71597d,0.04,2021-08-04,unknown,unknown,15400,4.5,2,Other,https://github.com/spmeesseman/vscode-vslauncher,unknown,yes
2025-08-25,malicious_list,Malicious,ssda.chatgpt-extension,ssda,9.6.1,ssda.chatgpt-extension-9.6.1.vsix,4efcc78684a4805faad692f1c8ed62e9851c25517fd18aead9e3a546b029e584,1.17,2023-02-15,unknown,unknown,112,none,none,Programming Languages,https://github.com/gencay/vscode-chatgpt,validated;public;unpublished;locked,yes
2025-08-25,malicious_list,Malicious,starkwang.figimg,starkwang,0.0.4,starkwang.figimg-0.0.4.vsix,2119911bccfe7c8c333bab0e07fcb4a87f4b634c7f6d4ce64bd36974d96d663a,6.98,2022-06-15,unknown,unknown,5360,none,none,Other,https://github.com/wsdo/vscode-markdown-img-qiniu,validated;public;unpublished;locked,yes
2025-08-25,malicious_list,Malicious,starkwang.itxishu,starkwang,0.0.8,starkwang.itxishu-0.0.8.vsix,8158a1ddc650580536096638f989a6cdc085fe9c9120a7a7d1e5026a51603fce,6.88,2022-06-17,unknown,unknown,3270,none,none,Other,https://github.com/wsdo/vscode-markdown-img-qiniu,validated;public;unpublished;locked,yes
2025-09-25,malicious_list,Malicious,stephen-riley.regexworkbench,stephen-riley,2.0.5,stephen-riley.regexworkbench-2.0.5.vsix,d7b384e6a23aba69e022f909e22ea0f53e3dfe74c7a7d7fbd4408365fb00c81e,0.44,2020-08-24,unknown,unknown,12730,none,none,Other,https://github.com/stephen-riley/regexworkbench,validated;public,yes
2025-09-03,removed_list,Typo-squatting,sunamo-cz.specstory-autosave,sunamo-cz,1.0.6,sunamo-cz.specstory-autosave-1.0.6.vsix,3573cf5831f3c632392ac11a3050761dd004aafd3cf39f5f5143c5c34e33f87c,4.46,2025-08-02,2025-08-26,false,38,none,none,AI,https://github.com/sunamo/specstory-autosave.git,validated;public;unpublished;locked,yes
2025-08-25,malicious_list,Malicious,sunitmal.memory-vault,SUNITMAL,0.0.4,SUNITMAL.memory-vault-0.0.4.vsix,bbb21a99269fd951a8d4d6775ef903c98663178308bece4aeb5797f48b0d5dd7,40.10,2024-11-18,unknown,unknown,2,4.4,1,Visualization,https://github.com/sunit-mal/clipbox,validated;public;unpublished;locked,yes
2025-09-25,malicious_list,Malicious,tabnine-dev.tabnine-pro,tabnine-dev,4.4.2,tabnine-dev.tabnine-pro-4.4.2.vsix,ce25e0ce66d0882d9f308bf77beeab467ce0c9a8fc7c28d6c852c504341364d0,2.71,2023-10-27,unknown,unknown,373,3.7,4,Programming Languages,none,unknown,yes
2025-09-25,malicious_list,Malicious,testrl777.Solidity-Ethereum,testrl777,0.0.1,testrl777.Solidity-Ethereum-0.0.1.vsix,14c326350f6c279258025461cb24376f36953a0c8fd053a8a5bbe26e7b1ab7b3,0.01,2025-05-07,unknown,unknown,11100,4.4,1,Other,none,unknown,yes
2025-08-25,malicious_list,Malicious,testUseracc1111.python-vscode,testUseracc1111,0.0.1,testUseracc1111.python-vscode-0.0.1.vsix,f7b8c34d4e1b975b259fe425e22443ce962e8454b54cf180e9095c048e8de356,21.82,2022-04-18,unknown,unknown,1410,none,none,Other,none,validated;public;unpublished;locked,yes
2025-04-27,malicious_list,Malicious,Trustworthy.mevscode,Trustworthy,0.0.1,Trustworthy.mevscode-0.0.1.vsix,7f05f7df745cdf5a79579738517c71caafe3d5abd093734f92b88f0f78ff86ca,0.01,2025-04-04,2025-04-04,false,none,4.4,1,Other,none,unknown,yes
2025-09-25,removed_list,Copyright violation,v-test-publisher.vscode-azure-functions-remote-web-test,v-test-publisher,0.2.12,v-test-publisher.vscode-azure-functions-remote-web-test-0.2.12.vsix,3967da555ff4a986c758276343a17d7ca8d006f269119621b7e5158dc5b1cdfd,28.89,2023-10-20,unknown,unknown,729,4.4,1,Other,none,unknown,yes
2025-09-25,removed_list,Malware,VanessaAster.etherefounds,VanessaAster,0.0.7,VanessaAster.etherefounds-0.0.7.vsix,8e0e337a5c67b25c88f224565b83dae214a54d28b39928e60d3064604157bd7a,0.03,2025-08-10,unknown,unknown,27800,none,none,Programming Languages,https://github.com/ethereum,unknown,yes
2025-09-25,malicious_list,Malicious,VarunSindwani.explorer-exclude-global,VarunSindwani,1.3.3,VarunSindwani.explorer-exclude-global-1.3.3.vsix,331db3b35426eae5284d7050ec22d02de0a013867ecb82a2874eaee3c13021a5,0.21,2025-03-13,unknown,unknown,28,none,none,Other,https://github.com/sfccdevops/explorer-exclude-vscode-extension,unknown,yes
2025-09-25,removed_list,Copyright violation,vfd.vs2017-light-theme,vfd,1.0.1,vfd.vs2017-light-theme-1.0.1.vsix,4b9796679bce07b91460c99a23caf152d0320fda443b669d09bb892bb004eade,0.20,2019-03-24,unknown,unknown,25370,4.6,4,Themes,https://github.com/FireController1847/vscode-vs2017-light-theme,unknown,yes
2025-09-25,malicious_list,Malicious,viralvaghela.darkcbtheme,viralvaghela,0.0.7,viralvaghela.darkcbtheme-0.0.7.vsix,30fcbf6af6217159f813f26eeb0f25e390d022be01e980285723df1a5ce3fbfd,1.13,2021-08-12,unknown,unknown,456,none,none,Themes,https://github.com/viralvaghela/darkcbtheme,validated;public;unpublished;locked,yes
2025-08-25,malicious_list,Malicious,viralvaghela.normalnameimgtest,viralvaghela,1.0.3,viralvaghela.normalnameimgtest-1.0.3.vsix,ef030dcd6f111069c82df4677f2b31a190c98cab9cc7f5a8463a14adf8d4e85c,0.01,2022-05-26,unknown,unknown,96,none,none,Other,https://github.com/viralvaghela/darkcbtheme,validated;public;unpublished;locked,yes
2025-09-25,removed_list,Malware,VisualStudioCodeStaffTeam.mannequin2,VisualStudioCodeStaffTeam,0.0.7,VisualStudioCodeStaffTeam.mannequin2-0.0.7.vsix,7645bc2512d2ce30299338d62fef7ab512c5029bb3635110c728fc0ba238f98c,0.04,2025-07-03,unknown,unknown,0,unknown,unknown,Linters;Programming Languages,https://github.com/ethereum,unknown,yes
2025-08-25,removed_list,Malware,VitalikB.solidit-lang,VitalikB,0.0.2,VitalikB.solidit-lang-0.0.2.vsix,1f6d9ce0efd5da63de93f226913af087f70995cee29709731faa4e0f5a1dc042,16.90,2025-05-02,unknown,unknown,354500,none,none,Other,none,unknown,yes
2025-09-25,removed_list,Malware,VitalikBut.bolibity-slang,VitalikBut,0.0.2,VitalikBut.bolibity-slang-0.0.2.vsix,17833bdd0656391e4dd1ec6bd7fbdbe530bae6b040a4e3e97d95ce9669e2d07a,16.90,2025-05-02,unknown,unknown,0,unknown,unknown,Other,none,unknown,yes
2025-09-25,removed_list,Malware,VitalikButerin-EthFoundation.blan-co,VitalikButerin-EthFoundation,0.0.8,VitalikButerin-EthFoundation.blan-co-0.0.8.vsix,da73118a30f119bcc8bf151195fd787086e40bd6f3b04f18ccb71fa113fd7a05,0.03,2025-09-02,unknown,unknown,0,none,none,Programming Languages,https://github.com/ethereum/solidity,unknown,yes
2025-09-25,malicious_list,Malicious,VitalikButerin.Solidity-Ethereum,VitalikButerin,1.0.1,VitalikButerin.Solidity-Ethereum-1.0.1.vsix,eded1b18e6a5691a0bf268509cdae1c6c0be77cb7371483bcd7474c995b38165,0.04,2024-10-08,unknown,unknown,1500000,none,none,Programming Languages,none,unknown,yes
2025-09-25,malicious_list,Malicious,VitalikButerinETH.vitaliketh,VitalikButerinETH,1.4.6,VitalikButerinETH.vitaliketh-1.4.6.vsix,c1da3c333a0a1701682d7c6d9d1a3e3af59bf79a8371373fc18d01e539481107,0.30,2025-05-10,unknown,unknown,unknown,unknown,unknown,Other,https://github.com/ethereum/solidity,unknown,yes
2025-09-25,malicious_list,Malicious,VitalikButt.Solids,VitalikButt,1.0.5,VitalikButt.Solids-1.0.5.vsix,cdc454ebb902e35419a7563e876a7478c4909614a92d6ea2e5b24c5f82a71ad4,0.28,2025-05-14,unknown,unknown,0,none,none,Programming Languages,https://github.com/ethereum/solidity,unknown,yes
2025-09-25,removed_list,Malware,VitalyButerin.hardhatjs,VitalyButerin,0.0.8,VitalyButerin.hardhatjs-0.0.8.vsix,ac674610549241d1e8191f92f069eb1afef4534aad4d6597af080eba44c5e094,0.04,2025-07-01,unknown,unknown,2800000,4.5,1,Programming Languages,https://github.com/ethereum/solidity,unknown,yes
2025-09-25,malicious_list,Malicious,vivo-ai-code.vivo-ai-code-vscode,vivo-ai-code,1.2.2,vivo-ai-code.vivo-ai-code-vscode-1.2.2.vsix,5775d17119deb780275cd89f8d91c3db46b51139b0b1530ffd86fd5cd3856542,4.83,2024-06-27,unknown,unknown,127,4.5,2,Programming Languages,none,validated;public;unpublished,yes
2025-09-25,removed_list,Malware,VKTeam.com,VKTeam,1.1.7,VKTeam.com-1.1.7.vsix,3660a4f6bbf325463a25b0afae4f665bc53d2c8559b31c7a90770771d7f05c5d,0.56,2023-10-07,unknown,unknown,20,4.2,4,Other,none,unknown,yes
2025-09-25,malicious_list,Malicious,VoiceMod.VoiceMod,VoiceMod,0.2.0,VoiceMod.VoiceMod-0.2.0.vsix,d27612a3aec36a98b8b8f0d5db43ed66fd0622329216f287dcc3dffd5d0972d1,0.02,2024-11-08,unknown,unknown,42100,4.6,5,Other,none,unknown,yes
2025-09-03,removed_list,Malware,VSAnalysistest.clipboard-helper-vscode,VSAnalysistest,0.0.1,VSAnalysistest.clipboard-helper-vscode-0.0.1.vsix,1a482b1792d881653bb44444e3142e4b73fcb9bfc9258f27e1137f23fbd73789,0.31,2024-01-28,2024-01-28,false,3,none,none,Other,none,validated;public;unpublished,yes
2025-09-25,removed_list,Malware,VSAnalysistest.code-ai-assistant,VSAnalysistest,0.0.2,VSAnalysistest.code-ai-assistant-0.0.2.vsix,dd925090594329f7647036221e93980755d44bad93273237d007c17c10801135,0.78,2024-01-28,unknown,unknown,19,4.4,1,Other,none,unknown,yes
2025-09-25,removed_list,Malware,VSAnalysistest.codegpt-helper,VSAnalysistest,0.0.2,VSAnalysistest.codegpt-helper-0.0.2.vsix,a930b2ab662546769284c1e19092f180e04847bf39b2e16ca9a886b41dc89fb3,0.31,2024-01-28,unknown,unknown,27,4.4,1,Other,none,unknown,yes
2025-09-03,removed_list,Malware,VSAnalysistest.discord-helper-test,VSAnalysistest,0.0.1,VSAnalysistest.discord-helper-test-0.0.1.vsix,762bdcf3445beee5de194128ad9c6aeb09f6f8d29b0cb067d0dcebea56346507,0.32,2024-01-28,2024-01-28,false,2,none,none,Other,none,validated;public;unpublished,yes
2025-09-03,removed_list,Malware,VSAnalysistest.global-state-test,VSAnalysistest,0.0.1,VSAnalysistest.global-state-test-0.0.1.vsix,7e65c4175120dde5900c055f2eb12ab7085ab9b887fd2975ee88a8806bbb9b34,6.56,2024-01-28,2024-01-28,false,2,none,none,Other,none,validated;public;unpublished,yes
2025-09-03,removed_list,Malware,VSAnalysistest.mycodegpt-assistant,VSAnalysistest,0.0.1,VSAnalysistest.mycodegpt-assistant-0.0.1.vsix,deeaaf55fe7472bb51c6de12578190a79361237eb2928cb0a277fe9226f7586e,0.05,2024-01-28,2024-01-28,false,3,none,none,Other,none,validated;public;unpublished,yes
2025-09-25,malicious_list,Malicious,VSCodeDeveloper.sobidity-compiler,VSCodeDeveloper,0.0.4,VSCodeDeveloper.sobidity-compiler-0.0.4.vsix,96ff86ce2501ac209c653b348f635ee707a3449d2f62d0ad4d3dead57d9cd9ac,3.68,2025-04-05,unknown,unknown,1300,4.4,1,Other,none,unknown,yes
2025-09-25,malicious_list,Malicious,VSDeveloper.chinese-language-vs,VSDeveloper,0.0.7,VSDeveloper.chinese-language-vs-0.0.7.vsix,450a6dc1270459695d819050ec11c98dd75a1999e962430ac588d47f9ebd74eb,3.99,2025-04-16,unknown,unknown,523850,none,none,Other,none,validated;public;unpublished;locked,yes
2025-09-03,malicious_list,Malicious,vuesnippetsai.vue-snippets-ai,vuesnippetsai,1.0.5,vuesnippetsai.vue-snippets-ai-1.0.5.vsix,142c9a3b094778a429f4e5a6da0b709a1b952ca9b169be39c5ec98f1d33754cc,0.54,2025-07-12,2025-07-12,false,853,none,none,Programming Languages;Snippets,https://github.com/hollowtree/vscode-vue-snippets.git,validated;public,yes
2025-08-25,malicious_list,Malicious,VukRosic.openaicodexplayground,VukRosic,0.0.5,VukRosic.openaicodexplayground-0.0.5.vsix,1608fea2c4956e825059c13fe73ffd6bc85a9afd9b4d581ccf1cf77ed12728a5,1.15,2022-11-21,unknown,unknown,5720,none,none,Other,https://github.com/vukrosic/OpenAI-Codex-VSCode,validated;public;unpublished;locked,yes
2025-09-03,removed_list,Malware,webctrl.live,webctrl,0.0.1,webctrl.live-0.0.1.vsix,6bb09519315747b2ab9d7adaa38a3f4204cde80f30f2ae26d51c682ebcad5351,0.01,2024-05-20,2024-05-20,false,15,none,none,Other,none,validated;public,yes
2025-09-25,malicious_list,Malicious,xiejiangzhi.linter-xjz,xiejiangzhi,0.0.15,xiejiangzhi.linter-xjz-0.0.15.vsix,e1a9ca92d1300f343f4baa6e8f783bc6ca9fbc229880ae2e5dd7cee12e0b56b9,1.11,2022-05-25,unknown,unknown,2610,4.4,1,Linters,https://github.com/xiejiangzhi/vscode-linter,unknown,yes
2025-09-25,malicious_list,Malicious,xueshufive.jrkf-console,xueshufive,2.0.2,xueshufive.jrkf-console-2.0.2.vsix,3c266881868775ff1e4e77692ac99d5b9bd6d1de1b5829308f7c6f4616b485fa,0.10,2024-11-30,unknown,unknown,5,4.4,1,Other,none,unknown,yes
2025-09-25,malicious_list,Malicious,xuyanfeng.addr2line-assistant,xuyanfeng,0.0.14,xuyanfeng.addr2line-assistant-0.0.14.vsix,d698092b6a7b69ede4911b2f61fee0d23350ab9a9d6f3e2f4c30a3250554d64b,33.73,2024-07-23,unknown,unknown,101,4.4,1,Other,none,unknown,yes
2025-09-25,removed_list,Malware,YogevAvitan.codeivri-vscode,YogevAvitan,0.0.5,YogevAvitan.codeivri-vscode-0.0.5.vsix,f9c0ba413387bed5e8726f84bd82c814c052111ccea61e19c2f1012e7605d3d1,0.04,2025-05-16,unknown,unknown,2,none,none,Programming Languages,https://github.com/itadmit/codeivri,unknown,yes
2025-09-25,removed_list,Typo-squatting,YuTengjing.vscode-colorize-plus,YuTengjing,0.12.13,YuTengjing.vscode-colorize-plus-0.12.13.vsix,22e529b40c111df3d9190d722d40fe8f3ea002578fd4521fb454d8379ac28a9a,0.04,2023-07-01,unknown,unknown,38500,3.8,5,Other,https://github.com/tjx666/vscode-colorize,unknown,yes
2025-09-25,removed_list,Malware,Zeron1337.Zeron-CySec,Zeron1337,0.0.1,Zeron1337.Zeron-CySec-0.0.1.vsix,abd87cc193e6ee4150aa916288f84408c5e444931264d78be2e4b6c6f0b1b9d1,0.01,2024-12-01,unknown,unknown,5,4.4,1,Other,none,unknown,yes
2025-09-03,removed_list,Typo-squatting,zhucan.debug-cline,zhucan,3.0.12,zhucan.debug-cline-3.0.12.vsix,b0c29c6387fa6eb4272f2fdf591eebbb11048ca8b630715c6e901ac98401559c,5.63,2025-01-07,2025-01-07,false,75707,1,5,Programming Languages;Snippets;Education;Testing;AI;Chat,https://github.com/cline/cline.git,validated;public,yes
2025-09-25,malicious_list,Malicious,ZoomINC.Zoom-Workplace,ZoomINC,0.2.0,ZoomINC.Zoom-Workplace-0.2.0.vsix,64e2ee747783e91079589e5a1ed4e0069bbd4f43be27021f458f42aa08d4d676,0.03,2024-11-01,unknown,unknown,976200,4.4,1,Other,none,unknown,yes
2025-09-25,malicious_list,Malicious,ZoomVideoCommunications.Zoom,ZoomVideoCommunications,0.2.0,ZoomVideoCommunications.Zoom-0.2.0.vsix,252e2e8c85db0d05bc619527e2efa09c3aa31345809f236f1353a59dfc265690,0.03,2024-11-04,unknown,unknown,2000000,4.6,5,Other,none,unknown,yes
2025-09-25,malicious_list,Malicious,ZoomWorkspace.Zoom,ZoomWorkspace,0.2.0,ZoomWorkspace.Zoom-0.2.0.vsix,fa952bd3dc17ed11bf3e70077acd45969425648e8d6ebf9ebf28f6f66cd94375,0.05,2024-10-09,unknown,unknown,2300000,4.6,10,Other,none,unknown,yes
2025-10-20,removed_list,Malware,WEB3Foundation.cxzczxcxz,WEB3Foundation,0.2.1,WEB3Foundation.cxzczxcxz-0.2.1.vsix,6bb07a147e5d79093db9f2a516883a7572c752b912accbe0efdb2b2ae9b6f81b,4.75,2025-10-19,2025-10-19,false,none,none,none,Other,https://github.com/zxczcxzcz,validated;public,yes
2025-10-20,removed_list,Malware,cline-ai-main.cline-ai-agent,cline-ai-main,3.1.3,cline-ai-main.cline-ai-agent-3.1.3.vsix,a9f9ccce0130896ca90040a925dd814a26f7cf897fc6099d08b43e2cedd79658,0.52,2025-10-15,2025-10-15,false,5,none,none,Programming Languages;Snippets;Education;Testing;AI;Chat,https://github.com/cline/cline.git,validated;public,yes
2025-10-21,removed_list,Malware,BenjaminFriedl.lexica-img-fix,BenjaminFriedl,0.0.1,BenjaminFriedl.lexica-img-fix-0.0.1.vsix,796f1ff15b97bfcc0e0c7e148e7814d5001acfa28ee4f6a47a89db4b6661f69b,0.01,2025-10-20,2025-10-20,false,none,none,none,Other,none,validated;public,yes
2025-10-25,removed_list,Malware,EricWrite.dsafsadas,EricWrite,0.2.1,EricWrite.dsafsadas-0.2.1.vsix,4141ed9f510c85d9517389f3342538bc2fafeaec5cd8f3702b15b405b57b1d7f,4.69,2025-10-19,2025-10-19,false,none,none,none,Other,https://github.com/ssas,validated;public,yes
2025-10-25,removed_list,Typo-squatting,plugin-manager.vscode-notes-manager,plugin-manager,2.0.1,plugin-manager.vscode-notes-manager-2.0.1.vsix,37a0cb6ef117053a9ba53a74e112a6737f15aa77056f572bc7c9697c026a201d,0.23,2025-07-28,2025-07-28,false,13,none,none,Other,https://github.com/kerrycheng99/vscode-notes.git,validated;public,yes
2025-10-28,removed_list,Typo-squatting,StackspotPlatform.StackSpot,StackspotPlatform,2.5.7,StackspotPlatform.StackSpot-2.5.7.vsix,854b6fea73934ab151dc2f5e927b6f6cec556a32a62c78feee6a1c06c5fe845c,3.62,2025-09-09,2025-09-09,false,7,none,none,Other,none,validated;public,yes
2025-10-29,removed_list,Malware,me80758262.piiithon-linter,me80758262,0.0.7,me80758262.piiithon-linter-0.0.7.vsix,d2265071f2ea8c887b086f5af34da5c4bf5a3da0f9221b2ba7badd59f7b6937a,0.01,2025-10-24,2025-10-24,false,none,none,none,Other,https://github.com/piiithon-linter/piiithon-linter.git,validated;public,yes
2025-10-30,removed_list,Malware,Extensions-A.wow1language,Extensions-A,0.0.1,Extensions-A.wow1language-0.0.1.vsix,af8c1b12d4f4ef1d7922b11147a10c299370545a64a080c4373a134cff848251,0.02,2025-10-29,2025-10-29,false,10322,none,none,Other,none,validated;public,yes
2025-10-30,removed_list,Typo-squatting,esbenpp.pretier-vscodee,esbenpp,11.0.1,esbenpp.pretier-vscodee-11.0.1.vsix,6b7150bcf17737f0fd4e195784dec8acb21ed2a990aeca4c86dbda7dcbd4294a,3.03,2025-09-11,2025-09-12,false,1245,none,none,Formatters,https://github.com/prettier/prettier-vscode.git,validated;public,yes
2025-10-30,removed_list,Typo-squatting,jinyang.copilot-mcp-zh-cn,jinyang,0.0.50,jinyang.copilot-mcp-zh-cn-0.0.50.vsix,7a0948a30e7317cb098f59be8f5a855eccb1cc60cee5306df9876b0d836d79fc,6.12,2025-07-01,2025-07-02,false,76,none,none,Machine Learning;AI;Chat,https://gitee.com/binote/copilot-mcp,validated;public,yes
2025-10-31,removed_list,Malware,DavidAsh.dcbox-vs,DavidAsh,0.0.3,DavidAsh.dcbox-vs-0.0.3.vsix,8000cb690520e24f0bde339bdae7c776368f3b1b030d5ea464d155664e909116,0.03,2025-10-30,2025-10-30,false,6913,none,none,Other,none,validated;public,yes
2025-10-31,removed_list,Malware,DavidAsh.gruvbox-vs,DavidAsh,0.0.1,DavidAsh.gruvbox-vs-0.0.1.vsix,bd5f0b4893152e3d9b9624230c244fad5a17618ad18bca66f22f56f075d3ab18,0.02,2025-10-30,2025-10-30,false,none,none,none,Other,none,validated;public,yes
2025-10-31,removed_list,Malware,DavidAsh.tr-lang-pack,DavidAsh,0.0.1,DavidAsh.tr-lang-pack-0.0.1.vsix,b5602084b3d470eec9c1472958cf6b46bbbbf12f024ec3b247edfa318c335557,0.01,2025-10-30,2025-10-30,false,none,none,none,Other,none,validated;public,yes
2025-10-31,removed_list,"Typo-squatting, Malware",DevelopmentInc.cfx-lua-vs,DevelopmentInc,0.0.1,DevelopmentInc.cfx-lua-vs-0.0.1.vsix,23ffbf549b34bf2569300ca88f663d186abb8748d72a07d5b7b0b80de7593cef,0.03,2025-10-30,2025-10-30,false,224,5,1,Other,none,validated;public,yes
2025-10-31,removed_list,"Typo-squatting, Malware",DevelopmentInc.kombai-vs,DevelopmentInc,0.0.1,DevelopmentInc.kombai-vs-0.0.1.vsix,092927de320ae9979142c4e496674a7271103490e5efca5e4eab3a813f540c05,0.09,2025-10-29,2025-10-29,false,none,none,none,Other,none,validated;public,yes
2025-10-31,removed_list,"Typo-squatting, Malware",DevelopmentInc.minecraftsnippets,DevelopmentInc,0.0.1,DevelopmentInc.minecraftsnippets-0.0.1.vsix,a6daeace465fcdf33f3df521084f275c85847c483cec8ebba9e0df24a32e9335,0.02,2025-10-29,2025-10-30,false,221,5,1,Other,none,validated;public,yes
2025-10-31,removed_list,"Typo-squatting, Malware",DevelopmentInc.pokemon,DevelopmentInc,0.0.1,DevelopmentInc.pokemon-0.0.1.vsix,2852cf11b93865a349a56a33ef19419fa725fd80a0322f4130eb126e2e2ceb6f,0.18,2025-10-29,2025-10-30,false,244,5,1,Other,none,validated;public,yes
2025-10-31,removed_list,"Typo-squatting, Malware",DevelopmentInc.torizon-vs,DevelopmentInc,0.0.2,DevelopmentInc.torizon-vs-0.0.2.vsix,b806710e0ada5023aa1d1602d28c25b82cf637e22d8eba44403e9ffd7cc46ff5,0.02,2025-10-29,2025-10-29,false,none,none,none,Other,none,validated;public,yes
